chunk_id,page_number,chunk_index,unit_number,unit_title,lesson_number,lesson_title,lesson_start_page,lesson_end_page,content_length,text_quality,content,source_file,content_category
语文三上.pdf_page_1_chunk_1,1,0,,,,,,,24,"{'score': 0.675, 'is_suitable': True, 'reason': '中文为主'}",三年级 上册 全国优秀教材特等奖 义务教育教科书,data/textbooks/语文三上.pdf,其他
语文三上.pdf_page_2_chunk_1,2,0,1,第1单元,1,序,7,10,34,"{'score': 0.6588235294117647, 'is_suitable': True, 'reason': '中文为主'}",三年级 上册 义务教育教科书 北 京 教育部组织编写 总主编 温儒敏,data/textbooks/语文三上.pdf,其他
语文三上.pdf_page_3_chunk_1,3,0,1,第1单元,1,序,7,10,229,"{'score': 0.9467248908296944, 'is_suitable': True, 'reason': '长度适中, 中文为主'}",总 主 编：温儒敏 小学主编：陈先云（执行） 曹文轩 崔 峦 李吉林 编写人员：（以姓氏笔画为序） 冯 颖 陈先云 郑 宇 柳美彤 段宗平 施建平 徐 轶 温儒敏 责任编辑：柳美彤 向 瑞 美术编辑：李宏庆 义务教育教科书 语文 三年级 上册 教育部组织编写 （北京市海淀区中关村南大街 17 号院 1 号楼 邮编：100081） 址 版权所有未经许可不得采用任何方式擅自复制或使用本产品任何部分违者必究 如发现内容质量问题，请登录中小学教材意见反馈平台：,data/textbooks/语文三上.pdf,其他
语文三上.pdf_page_4_chunk_1,4,0,1,第1单元,1,序,7,10,331,"{'score': 0.9129909365558913, 'is_suitable': True, 'reason': '长度适中'}",目录 第一单元1 1 大青树下的小学2 2 花的学校5 3 不懂就要问7 口语交际：我的暑假生活9 习作：猜猜他是谁10 语文园地11 第二单元13 4 古诗三首14 山行14 赠刘景文14 夜书所见15 5 铺满金色巴掌的水泥道16 6 秋天的雨19 7 听听，秋的声音22 习作：写日记24 语文园地25 第三单元27 8 卖火柴的小女孩28 9 那一定会很好33 10 在牛肚子里旅行35 11 一块奶酪38 习作：我来编童话40 语文园地41 快乐读书吧： 在那奇妙的王国里43 第四单元45 12 总也倒不了的老屋46 13 胡萝卜先生的长胡子50 14 小狗学叫53 口语交际：名字里的故事59 习作：续写故事60 语文园地61,data/textbooks/语文三上.pdf,日积月累
语文三上.pdf_page_5_chunk_1,5,0,1,第1单元,1,目录,7,10,361,"{'score': 1.0, 'is_suitable': True, 'reason': '长度适中, 教育相关'}",第五单元63 15 搭船的鸟64 16 金色的草地66 习作例文： 我家的小狗69 我爱故乡的杨梅70 习作：我们眼中的缤纷世界72 第六单元73 17 古诗三首74 望天门山74 饮湖上初晴后雨74 望洞庭75 18 富饶的西沙群岛76 19 海滨小城79 20 美丽的小兴安岭81 习作：这儿真美84 语文园地85 第七单元87 21 大自然的声音88 22 读不完的大书91 23 父亲、树林和鸟94 口语交际：身边的小事97 习作：我有一个想法98 语文园地99 第八单元101 24 司马光102 25 灰雀103 26 手术台就是阵地105 27 一个粗瓷大碗108 口语交际：请教110 习作：那次玩得真高兴111 语文园地112 识字表114 写字表117 词语表119 标的是略读课文,data/textbooks/语文三上.pdf,日积月累
语文三上.pdf_page_6_chunk_1,6,0,1,第1单元,1,大青树下的小学,7,10,51,"{'score': 1.0, 'is_suitable': True, 'reason': '长度适中, 中文为主, 教育相关'}",美丽的校园， 成长的摇篮， 梦想启航的地方。 阅读时，关注有新鲜感的词语和句子。 体会习作的乐趣。,data/textbooks/语文三上.pdf,习作
语文三上.pdf_page_7_chunk_1,7,0,1,第1单元,1,大青树下的小学,7,10,257,"{'score': 1.0, 'is_suitable': True, 'reason': '长度适中, 中文为主, 教育相关'}",大青树下的小学 本文作者吴然，选作课文时有改动。 早晨，从山坡上，从坪坝 里，从一条条开着绒球花和 太阳花的小路上，走来了许多小学生，有汉族的，有傣族的，有景颇 族的，还有阿昌族和德昂 族的。大家穿戴不同， 来到学校，都成了好朋友。那鲜艳 的服装，把学校打扮 绚丽多彩。同学们向在校园里欢唱的小鸟打招呼，向敬爱 的老师问好，向高高飘扬 的国旗敬礼。 当，当当！当，当当！大青树上的铜钟敲响了。 上课了，不同民族的小学生，在同一间教室里学习。 大家一起朗读 课文，那声音真好听！这时候，窗外十分安,data/textbooks/语文三上.pdf,阅读
语文三上.pdf_page_8_chunk_1,8,0,1,第1单元,1,大青树下的小学,7,10,171,"{'score': 1.0, 'is_suitable': True, 'reason': '长度适中, 中文为主, 教育相关'}",静，树枝不摇了，鸟儿不叫了，蝴蝶停在花 朵上，好像都在听同学们读课文。最有趣的 是，跑来了两只猴子。这些山林里的朋友， 是那样好奇地听着。下课了，大家在大青树 下跳孔雀舞，摔 ，做游戏，招引来许多小 鸟，连松鼠也赶来看热闹。 这就是我们可爱的小学，一所边疆的小 学。古老的铜钟，挂在大青树粗壮的枝干上。 尾竹的影子，在洁 白的墙上摇晃,data/textbooks/语文三上.pdf,其他
语文三上.pdf_page_9_chunk_1,9,0,1,第1单元,2,花的学校,10,12,164,"{'score': 1.0, 'is_suitable': True, 'reason': '长度适中, 中文为主, 教育相关'}",服装 朗读课文，一边读一边想象课文描写的画面。在文中画出有新 鲜感的词句和同学交流。 这所学校有哪些特别的地方？用自己的话说一说。 你的学校是什么样的？同学们在学校里做些什么？选择一个场 景说一说。 教室里 操场上 花坛边 图书室里 教学楼前 大树下 上课的时候 放学了 资料袋 傣族 景颇族 阿昌族 德昂族,data/textbooks/语文三上.pdf,交流
语文三上.pdf_page_10_chunk_1,10,0,1,第1单元,2,花的学校,10,12,360,"{'score': 1.0, 'is_suitable': True, 'reason': '长度适中, 中文为主, 教育相关'}",花的学校 本文作者是印度的泰戈尔，译者郑振铎，选作课文时有改动。 当雷云在天上轰响，六月的阵雨落下的时候，湿润的 东风走过荒 野，在竹林中吹着风笛 于是，一群一群的花从无人知道的地方突然跑出来， 在绿草上跳舞，狂欢。 妈妈，我真的觉得那些花朵是在地下的学校里上学。 他们关了门做功 课。如果他们想在放学以前出来游戏， 他们的老师是要罚 他们的。 雨一来，他们便放假 了。 树枝在林中互相碰触着，绿叶在狂风里簌 簌地响，雷 云拍着大手。这时，花孩子们便穿了紫的、黄的、白的衣 ，冲了出来。 你可知道，妈妈，他们的家是在天上，在星星所住的 地方。 你没有看见他们怎样地急着要到那儿去吗？你不知道 他们为什么那样急急忙忙吗？ 我自然能够猜得出他们是对谁扬起双臂来，他们也有 他们的妈妈，就像我有我自己的妈妈一样。,data/textbooks/语文三上.pdf,练习
语文三上.pdf_page_11_chunk_1,11,0,1,第1单元,2,花的学校,10,12,255,"{'score': 0.9880392156862746, 'is_suitable': True, 'reason': '长度适中, 教育相关'}",朗读课文，想象花在绿草上跳舞，狂欢的情景。 读课文的时候，你注意到下面加点的部分了吗？ 湿润的东风走过荒野 3 ，在竹林中吹着风笛 3 。 树枝在林中互相碰触 3 着，绿叶在狂风里簌 簌地响，雷云拍着 大手 3 。 雨一来，他们便放假了。你喜欢这样的表达吗？请你照样子写 一写，如，清风一吹，他们蝴蝶一来，他们。 罚假 泰戈尔（18611941），享誉世界的 印度作家、诗人，曾获1913年诺贝尔文 学奖，有《飞鸟集》《园丁集》等五十 多部诗集出版。本文选自泰戈尔的诗集 《新月集》。 资料袋,data/textbooks/语文三上.pdf,练习
语文三上.pdf_page_12_chunk_1,12,0,1,第1单元,3,不懂就要问,12,13,374,"{'score': 1.0, 'is_suitable': True, 'reason': '长度适中, 中文为主, 教育相关'}",不懂就要问 本文选自《新学制小学教科书高级国语读本第一册》，有改动。 孙中山小时候在私 书。那时候上课，先生念，学 生跟着念，咿 咿呀呀，像唱歌 一样。学生读熟了，先生就让 他们一个一个地背 。至于书 里的意思，先生从来不讲。 一天，孙中山来到学校， 照例 把书放到先生面前，流利 地背出前一天所学的功课。先 生听了，连连点头。接着，先生在孙中山的书上又圈 了一 段，他念一句，叫孙中山念一句。孙中山会读了，就回到座 位上练习背诵。孙中山读了几遍，就背下来了。可是，书里 说的是什么意思，他一点儿也不懂。孙中山想：这样糊 里糊 地背，有什么用呢？于是，他壮着胆子站起来，问：先 生，您刚才让我背的这段书是什么意思？请您给我讲讲吧！ 默读课文，想想课文讲了一件什么事，和同学交流你 对这件事的看法。把有新鲜感的词句画下来和同学交流。,data/textbooks/语文三上.pdf,交流
语文三上.pdf_page_13_chunk_1,13,0,1,第1单元,3,不懂就要问,12,13,300,"{'score': 1.0, 'is_suitable': True, 'reason': '长度适中, 中文为主, 教育相关'}","这一问，把正在摇头晃脑高 声念书的同学们吓呆 了，课堂里 时变得鸦雀无声。 先生拿着戒 尺，走到孙中 山跟前，厉 声问道：你会背了 吗？ 会背了。孙中山说着，就 把那段书一字不漏地背了出来。 先生收起戒尺，摆摆手让孙中山坐下，说： 我原想， 书中的道理，你们长大了自然会知道的。现在你们既然想 听，我就讲讲吧！ 先生讲得很详细，大家听得很认真。 后来，有个同学问孙中山：你向先生提出问题，不怕 打吗？ 孙中山笑了笑，说： 学问学问，不懂就要问。为了弄 清楚 道理，就是挨打也值得。
如果有个别的字 不认识、个别的词语 不理解，也没有关系。 略读课文可以 读得粗略一些，了 解课文大意就行。",data/textbooks/语文三上.pdf,课文
语文三上.pdf_page_14_chunk_1,14,0,2,第2单元,,我的暑假生活,14,15,240,"{'score': 1.0, 'is_suitable': True, 'reason': '长度适中, 中文为主, 教育相关'}",我的暑假生活 暑假你是怎么度过的？经历了哪些新鲜事？和同学分享一下吧！ 我跟爷爷奶奶学 会了做简单的农活。 现在我会摘茄子，还 会给菜地锄草 妈妈带我去了游乐园。这 是我第一次坐摩天轮，从空中 往下看，视野一下子开阔了， 地上的人和车都变小了 选择别人可能感兴趣的 内容讲。 借助图片或实物讲。 想好要讲的内容以后，先试着给家人讲一讲，听听他们有什么 建议。 和同学交流的时候，要把自己的经历讲清楚。讲的时候可以出 示相关的图片或实物，帮助别人更好地理解你讲的内容。 口语交际,data/textbooks/语文三上.pdf,交流
语文三上.pdf_page_15_chunk_1,15,0,2,第2单元,,猜猜他是谁,15,15,287,"{'score': 0.9672473867595819, 'is_suitable': True, 'reason': '长度适中, 中文为主'}",猜猜他是谁 我们来做一个猜猜他是谁的游戏吧！ 选择一个同学，用几句话或一段话写一写他。不能在文中出现 他的名字，但是要让别人读了你写的内容就能猜出你写的是谁。 你选的是谁？他有哪些特别的地方？选择一两点写下来。 写的时候，注意开头要空两格。写好以后，读给同学听，看 看他们能不能猜出你写的是谁。也可以把全班同学的习作贴在墙报 上，大家一起来猜一猜。 他的头发又黑 又硬，一根根向上 竖着 他特别爱笑， 一个小笑话就能让 他笑个不停 他关心班里的 每个人，不管是谁 遇到困难，他都会 主动帮忙。有一 次 习 作 他酷爱踢足 球，也喜欢跑步， 经常能在操场上 看到他奔跑的身 影,data/textbooks/语文三上.pdf,习作
语文三上.pdf_page_16_chunk_1,16,0,2,第2单元,,语文园地,16,18,320,"{'score': 1.0, 'is_suitable': True, 'reason': '长度适中, 中文为主, 教育相关'}",语文园地 交流平台 窗外十分安静，树枝不摇了， 鸟儿不叫了，蝴蝶停在花朵上，好 像都在听同学们读课文。 看到这样的词 句，我会多读几遍， 然后抄写下来。 我在读书时， 常常读到一些很有 新鲜感的词句。 词句段运用 下面的成语有什么特点？和同学交流你的发现。 摇头晃脑 披头散发 张牙舞爪 提心吊胆 面红耳赤 手忙脚乱 眼疾 手快 口干舌燥 怎样朗读能更好地表达句子的意思？想一想，练一练，然后和 同学交流。 妈妈，我真的觉得那些花朵是在地下的学校里上学。 书里说的是什么意思，他一点儿也不懂。 孙中山笑了笑，说：学问学问，不懂就要问。为了弄清楚 道理，就是挨打也值得。 我愿意我是一个更夫，整夜在 街上走，提了灯去追逐影子。,data/textbooks/语文三上.pdf,习作
语文三上.pdf_page_17_chunk_1,17,0,2,第1单元,,所 见,16,18,169,"{'score': 1.0, 'is_suitable': True, 'reason': '长度适中, 中文为主, 教育相关'}","日积月累
所 见 清 袁 枚 童骑黄牛， 歌声振 林樾 意欲捕鸣蝉， 忽然闭口立。 我在名字中加入 有个性的词语，让人 一看就能记住。 我为兴趣小组 取的名字能体现出 活动的特点。 篮球侠 巧手剪纸组 探索者小队 黑白棋社 鲲鹏航模队 在班里组织几个兴趣小组吧！试着给每个兴趣小组取个响亮的 名字，吸引有相同爱好的同学一起开展活动。",data/textbooks/语文三上.pdf,日积月累
语文三上.pdf_page_18_chunk_1,18,0,2,第2单元,,金秋的阳光,19,22,54,"{'score': 1.0, 'is_suitable': True, 'reason': '长度适中, 中文为主, 教育相关'}",金秋的阳光， 洒在树叶上， 洒在花瓣上， 也洒在我们的心上。 运用多种方法理解难懂的词语。 学习写日记。,data/textbooks/语文三上.pdf,习作
语文三上.pdf_page_19_chunk_1,19,0,2,第2单元,4,古诗三首,19,22,195,"{'score': 0.915897435897436, 'is_suitable': True, 'reason': '长度适中'}","山 行 唐 杜 牧 远上寒山石径 白云生处有人家。 停车坐爱枫林晚， 霜叶红于二月花。 注释 〔寒山〕深秋时节的山。 〔生〕产生，生出。 〔坐〕因为。
赠刘景文 宋 苏轼 荷尽已无擎 雨盖， 菊残 有傲 霜枝。 一年好景君 须记， 最是橙 黄橘 绿时。 注释 〔刘景文〕诗人的好朋友。 〔擎〕举，向上托。 〔君〕对对方的尊称，相 当于您。",data/textbooks/语文三上.pdf,日积月累
语文三上.pdf_page_20_chunk_1,20,0,2,第2单元,4,古诗三首,19,22,227,"{'score': 0.9944933920704847, 'is_suitable': True, 'reason': '长度适中, 中文为主, 教育相关'}",夜书所见 宋 叶绍翁 萧萧梧叶送寒声， 江上秋风动客情。 知有儿童挑 织， 夜深篱 落一灯明。 注释 〔萧萧〕这里形容风吹梧 桐叶发出的声音。 〔挑〕用细长的东西拨弄。 〔促织〕蟋蟀，也叫蛐蛐。 〔篱落〕篱笆。 有感情地朗读课文。背诵课文。默写《山行》。 这三首诗写的是哪个季节的景色？你是从哪些地方发现的？ 结合注释，用自己的话说说下面诗句的意思。 停车坐爱枫林晚，霜叶红于二月花。 一年好景君须记，最是橙黄橘绿时。,data/textbooks/语文三上.pdf,日积月累
语文三上.pdf_page_21_chunk_1,21,0,2,第2单元,5,铺满金色巴掌的水泥道,22,25,395,"{'score': 1.0, 'is_suitable': True, 'reason': '长度适中, 中文为主, 教育相关'}","本文作者张秋生，选作课文时有改动。 铺满金色巴掌的水泥道
一夜秋风，一夜秋雨。 我背着书包去上学时，天开始放晴了。 啊！多么明朗的天空。 可是，地面还是潮湿的，不时还能看见一个亮晶晶的 水洼 ，映着一角小小的蓝天。 道路两旁的法国梧桐树，掉下了一片片金黄金黄的叶子。 这一片片闪着雨珠的叶子，一掉下来，便紧紧地粘在湿漉 漉的水泥道上了。 我走在院墙外的水泥道上。水泥道像铺上了一块彩色 的地毯。这是一块印 着落叶图案的、闪闪发光的地毯，从 脚下一直铺到很远很远的地方，一直到路的尽头 每一片法国梧桐树的落叶，都像一个金色的小巴掌， 地、平展地粘在水泥道上。它们排列得并不规则，甚 至有些凌 乱，然而，这更增 添了水泥道的美。 我一步一步小心地走着，一片一片仔细地数着。我穿 着一双棕 红色的小雨靴 。你瞧，这多像两只棕红色的小鸟， 在秋天金黄的叶丛间，愉快地蹦跳着，歌唱着",data/textbooks/语文三上.pdf,阅读
语文三上.pdf_page_22_chunk_1,22,0,2,第2单元,5,铺满金色巴掌的水泥道,22,25,62,"{'score': 0.9645161290322581, 'is_suitable': True, 'reason': '长度适中, 中文为主'}",要不是怕上课迟到，我会走得很慢很慢的。 一夜秋风，一夜秋雨。 当我背着书包去上学时，第一回觉得，门前的水泥道 真美啊！ 乱棕,data/textbooks/语文三上.pdf,练习
语文三上.pdf_page_23_chunk_1,23,0,2,第2单元,5,铺满金色巴掌的水泥道,22,25,314,"{'score': 1.0, 'is_suitable': True, 'reason': '长度适中, 中文为主, 教育相关'}",朗读课文。把你喜欢的句子抄写下来。 下面加点的词语你是用什么方法理解的？和同学交流。 啊！多么明朗 3 的天空。 它们排列得并不规则，甚至有些凌 3 乱 3 。 小练笔 铺满金色巴掌的水泥道，多美的发现啊！你在上学或放 学路上看到了什么样的景色？用几句话写下来吧。 阅读链接 从我家到小学要经过一条大街，一条曲曲弯弯的巷子。我 放学回家喜欢东看看，西看看，看看那些手工作坊、布店、酱 园、杂货店、爆仗店、烧饼店、卖石灰麻刀的铺子、染坊 我到银匠店里去看银匠在一个模子上錾出一个小罗汉，到竹器 厂看师傅怎样把一根竹竿做成筢草的筢子，到车匠店看车匠用 硬木车旋出各种形状的器物，看灯笼铺糊灯笼百看不厌。 选自汪曾祺的《自报家门》,data/textbooks/语文三上.pdf,习作
语文三上.pdf_page_24_chunk_1,24,0,2,第2单元,6,秋天的雨,22,25,360,"{'score': 1.0, 'is_suitable': True, 'reason': '长度适中, 中文为主, 教育相关'}",秋天的雨，是一把钥 。它带着清凉和温柔，轻轻地， 轻轻地，趁你没留意，把秋天的大门打开了。 秋天的雨，有一盒五彩缤 纷的颜料。你看，它把黄色 给了银杏树，黄黄的叶子像一把把小扇子，扇哪扇哪，扇 走了夏天的炎热。它把红色给了枫树，红红的枫叶像一枚 枚邮票，飘哇飘哇，邮来了秋天的凉爽 。金黄色是给田野 的，看，田野像金色的海洋。橙红色是给果树的，橘子、 柿子你挤 我碰，争着要人们去摘呢！ 菊花仙子得到的颜色就更多了，紫红 的、淡黄的、雪白的美丽的菊花 在秋雨里频 频点头。 秋天的雨，藏着非常好闻的气味。梨 香香的，菠萝 甜的，还有苹果、橘子，好多好多香甜的气味，都躲在小 雨滴里呢！小朋友的脚，常被那香味勾 住。,data/textbooks/语文三上.pdf,课文
语文三上.pdf_page_25_chunk_1,25,0,2,第2单元,6,秋天的雨,22,25,274,"{'score': 1.0, 'is_suitable': True, 'reason': '长度适中, 中文为主, 教育相关'}","秋天的雨，吹起了金色的小喇 。它告诉大家，冬天 快要来了。小松鼠找来松果当粮食，小青蛙在加紧挖洞， 准备舒舒服服地睡大觉。松柏穿上厚 厚的、油亮亮的衣 裳，杨树、柳树的叶子飘到树妈妈的脚下。它们都在准备 过冬了。 秋天的雨，带给大地的是一曲 收的歌，带给小朋友 的是一首欢乐的歌。
争仙闻 油曲 有感情地朗读课文。背诵第2自然段。 课文从哪几个方面写了秋天？和同学交流你感兴趣的内容。 想象一下，秋天的雨还会把颜色分给谁呢？照样子写一写。 它把黄色给了银杏树，黄黄的叶子像一把把小扇子，扇哪 扇哪，扇走了夏天的炎热。",data/textbooks/语文三上.pdf,习作
语文三上.pdf_page_26_chunk_1,26,0,3,第2单元,,阅读链接 ,28,32,482,"{'score': 1.0, 'is_suitable': True, 'reason': '长度适中, 中文为主, 教育相关'}",阅读链接 秋分过后，黑夜就渐渐比白天长了，缺乏阳光的寒冷时节 又开始了。 田野里空荡荡的，夏天太阳所赐予的物产已经收获完毕， 许多植物已经褪色或枯死。在植物和动物适应冬季以前，迁徙 的季节来临了。 植物的种子和果实在传播。许多种子装备着小小的翅膀或 是降落伞，比如蓟类植物，风把它们的种子从妈妈那里带 走，吹到尽可能远的地方。地上到处都是新的种子。如果所有 的种子都落在同一个地方，它们就会互相抢夺地盘和阳光。 许多幼小的动物正在成长。它们离开了父母，自己去找一 处新的住所。小蜘蛛用闪闪发亮的丝将自己悬挂在空中，有时 候它们远离原来的巢穴，到几公里之外搭建新家，有时候它们 就直接在遇到的第一根树枝上安家。 候鸟也开始了它们的旅途。随着秋天的光照时间一天天变 短，候鸟的生物钟催促着它们：是时候了，出发吧！它们 向着太阳，飞向那白昼更长、气候更温暖的南方。燕子早早地 启程了，因为它知道，要不了多久，这里将没有昆虫可吃。金 翅雀是一种以蓟类植物为生的雀鸟，它会停留更长的时间，直 到大雪覆盖它最爱吃的食物蓟类植物的种子。 选自德国乌纳雅各布的《太阳时钟》，顾白译,data/textbooks/语文三上.pdf,阅读
语文三上.pdf_page_27_chunk_1,27,0,3,第2单元,7,听听，秋的声音,28,32,177,"{'score': 0.9968926553672317, 'is_suitable': True, 'reason': '长度适中, 中文为主, 教育相关'}",本诗作者毕国瑛，选作课文时有改动。 听听，秋的声音 有感情地朗读课文，一边读一边想象，然后和同学交 流：你听到了秋天的哪些声音？ 听听， 秋的声音， 大树抖 抖手臂， 唰 唰， 是黄叶道别的话音。 听听， 秋的声音， 动翅膀， ， 是和阳台告别的歌韵 一排排大雁追上白云， 撒下一阵暖暖的叮咛； 一阵阵秋风掠 过田野， 送来一片丰收的歌吟,data/textbooks/语文三上.pdf,练习
语文三上.pdf_page_28_chunk_1,28,0,3,第2单元,7,听听，秋的声音,28,32,123,"{'score': 0.9463414634146342, 'is_suitable': True, 'reason': '长度适中, 中文为主'}",听听， 走进秋， 走进这辽 透明的音乐厅， 你好好地去听 秋的声音。 秋的声音， 在每一片叶子里， 在每一朵小花上， 在每一滴汗水里， 在每一颗饱满的谷粒里。 听听， 秋的声音， 从远方匆匆地来， 向远方匆匆地去。 听听， 我们去听秋的声音。,data/textbooks/语文三上.pdf,其他
语文三上.pdf_page_29_chunk_1,29,0,3,第2单元,,写日记,28,32,235,"{'score': 0.9557446808510639, 'is_suitable': True, 'reason': '长度适中, 中文为主'}",写日记 你写过日记吗？读读下面的日记，说说你有什么发现。 和同学交流： 写日记有什么好处？ 日记里可以写些什么？ 日记的格式是怎样的？ 准备一个日记本，开始写日记吧！坚持写下去，你一定会大有 收获。 8月20日 星期一 晴 早上起床时，我发现那颗松动的牙 齿更松了。我想把它摇掉，可是左摇右 摇，牙齿就是不掉。唉！怎么办呢？这 颗摇摇欲坠的牙齿让我感觉很难受。晚 饭前，我忍不住又去晃动它，晃了几下， 啊，终于掉了！ 妈妈把我的这颗牙齿洗干净，收起 来了。 习 作,data/textbooks/语文三上.pdf,习作
语文三上.pdf_page_30_chunk_1,30,0,3,第2单元,,语文园地 ,28,32,222,"{'score': 1.0, 'is_suitable': True, 'reason': '长度适中, 中文为主, 教育相关'}",语文园地 分小组完成下面的活动，看看哪个小组总结的方法多。 交流平台 词句段运用 你会用哪些词语来形容不同的季节？写下来和同学交流。 春：暖和 春光明媚 夏： 秋： 冬： 说说你是用什么方法理解下面加点词语意思的。 听了老师的这番 话，我憧憬 3 着即 将到来的一天，期待着在活 动中有出色的表现。 小明打碎 了家里的花瓶 ，心中有些忐忑不安 3 ，害怕爸爸妈妈 会责备他。 读书的时候，如 果遇到不理解的词 语，我会这样做 查字典,data/textbooks/语文三上.pdf,习作
语文三上.pdf_page_31_chunk_1,31,0,3,第2单元,,书写提示 ,33,34,116,"{'score': 0.9517241379310345, 'is_suitable': True, 'reason': '长度适中, 中文为主'}",书写提示 日积月累 秋高气爽 天高云淡 秋风习习 一叶知秋 金桂飘香 层林尽染 五谷丰登 果实累 累 春华秋实 使用钢笔，注意执 笔姿势，把字写得规范、 端正、整洁。 横画要写得平稳， 竖画要写得端正。横平 竖直，字就平稳端正。,data/textbooks/语文三上.pdf,日积月累
语文三上.pdf_page_32_chunk_1,32,0,3,第3单元,,想象的翅膀,33,34,59,"{'score': 0.952542372881356, 'is_suitable': True, 'reason': '长度适中, 中文为主'}",乘着想象的翅膀， 游历奇妙的童话王国， 看花儿跳舞， 听星星歌唱。 感受童话丰富的想象。 试着自己编童话，写童话。,data/textbooks/语文三上.pdf,习作
语文三上.pdf_page_33_chunk_1,33,0,3,第3单元,8,卖火柴的小女孩,33,34,420,"{'score': 1.0, 'is_suitable': True, 'reason': '长度适中, 中文为主, 教育相关'}",卖火柴的小女孩 本文作者是丹麦的安徒生，译者叶君健，选作课文时有改动。 天冷极了，下着雪，又快黑了。这是一年的最后一夜。 在这又冷又黑的晚上，一个穷苦的小女孩，没戴帽子，赤 着脚在街上走着。她从家里出来的时候还穿着一双拖鞋， 但是有什么用呢？那是一双很大的拖鞋那么大，一向 是她妈妈穿的。她穿过马路的时候，两辆马车飞快地冲过 来，吓得她把鞋都跑掉了。一只怎么也找不着，另一只叫 一个男孩捡 起来拿着跑了。他说，将来他有了孩子可以用 它当摇篮。 小女孩只好赤着脚走，一双小脚冻得红一块青一块的。 她的旧 围裙里兜 着许多火柴，手里还拿着一把。这一整天， 谁也没买过她一根火柴，谁也没给过她一个硬币。 可怜的小女孩！她又冷又饿 ，哆 哆嗦 嗦地向前走。雪 花落在她金黄的长头发上，那头发打成卷 披在肩上，看上 去很美丽，不过她没注意这些。每个窗子里都透出灯光来， 街上飘着一股烤鹅 的香味，因为这是一年的最后一夜 她可忘不了这个。,data/textbooks/语文三上.pdf,阅读
语文三上.pdf_page_34_chunk_1,34,0,3,第3单元,8,卖火柴的小女孩,33,34,290,"{'score': 0.9600000000000001, 'is_suitable': True, 'reason': '长度适中, 中文为主'}",她在一座房子的墙角坐下来，蜷 着腿缩 成一团。她觉 得更冷了。她不敢回家，因为她没卖掉一根火柴，没挣 一个钱，爸爸一定会打她的。再说，家里跟街上一样冷。 他们头上只有个房顶，虽然最大的裂缝已经用草和破布堵 住了，但风还是可以灌进来。 她的一双小手几 乎冻僵 了。啊，哪怕一根小小的火柴， 对她也是有好处的！她敢从成把的火柴里抽出一根，在墙 上擦燃 了，来暖和暖和自己的小手吗？她终于抽出了一根。 ！火柴燃起来了，冒出火焰 来了！她把小手拢 在火焰上。 多么温暖多么明亮的火焰啊，简 直像一支小小的蜡 。这 是一道奇异的火光！小女孩觉得自己好像坐在一个大火炉,data/textbooks/语文三上.pdf,课文
语文三上.pdf_page_35_chunk_1,35,0,3,第3单元,8,卖火柴的小女孩,35,37,529,"{'score': 0.6640831758034027, 'is_suitable': True, 'reason': '中文为主'}",前面，火炉装着闪亮的铜脚和铜把手，烧得旺旺的，暖烘 烘的，多么舒服啊！唉，这是怎么回事呢？她刚把脚伸出 去，想让脚也暖和一下，火柴灭了，火炉不见了。她坐在 那儿，手里只有一根烧过了的火柴梗 她又擦了一根。火柴燃起来了，发出亮光来了。亮光 落在墙上，那儿忽然变得像薄 纱那么透明，她可以一直看 到屋里。桌上铺着雪白的台布，摆着精致的盘 子和碗，肚 子里填满了苹果和梅子的烤鹅正冒着香气。更妙 的是这只 鹅从盘子里跳下来，背上插着刀和叉 ，摇摇摆摆地在地板 上走着，一直向这个穷苦的小女孩走来。这时候，火柴灭 了，她面前只有一堵又厚又冷的墙。 她又擦着了一根火柴。这一回，她坐在美丽的圣 下。这棵圣诞树，比她去年圣诞节透过富 商家的玻璃门看 到的还要大，还要美。翠绿的树枝上点着几千支明晃 晃的 蜡烛，许多幅美丽的彩色画片，跟挂在商店橱 窗里的一个 样，在向她眨 眼睛。小女孩向画片伸出双手。这时候，火 柴又灭了。只见圣诞树上的烛光越升越高，最后成了在天 空中闪烁 的星星。有一颗星星落了下来，在天空中划 出了 一道细长的红光。有一个什么人快要死了。小女孩说。 一疼她的奶奶活着的时候告诉过她：一颗星星落下来， 就有一个人要离去了。,data/textbooks/语文三上.pdf,课文
语文三上.pdf_page_36_chunk_1,36,0,3,第3单元,8,卖火柴的小女孩,35,37,246,"{'score': 0.9609756097560976, 'is_suitable': True, 'reason': '长度适中, 中文为主'}",她在墙上又擦着了一根火柴。这一回，火柴把周围全 照亮了。奶奶出现在亮光里，是那么温和，那么慈爱。奶 奶！小女孩叫起来，啊！请把我带走吧！我知道，火柴 一灭，您就会不见的，像那暖和的火炉，喷 香的烤鹅，美 丽的圣诞树一样，就会不见的！ 她赶紧擦着了一大把火柴，要把奶奶留住。一大把火 柴发出强 烈的光，照得跟白天一样明亮。奶奶从来没有像 现在这样高大，这样美丽。奶奶把小女孩抱起来，搂 在怀 里。她俩在光明和快乐中飞走了，越飞越高，飞到那没有 寒冷，没有饥 饿，也没有痛苦的地方去了。,data/textbooks/语文三上.pdf,课文
语文三上.pdf_page_37_chunk_1,37,0,3,第3单元,8,卖火柴的小女孩,38,42,227,"{'score': 1.0, 'is_suitable': True, 'reason': '长度适中, 中文为主, 教育相关'}",朗读课文。 小女孩擦燃了几次火柴？每次擦燃后看到了什么，表达了她怎 样的愿望？ 和同学交流印象深刻的部分，说说你的感受。 第二天清晨，这个小女孩坐在墙角，两腮 通红，嘴上 带着微笑。她死了，在旧年的最后一夜冻死了。新年的太 阳升起来了，照在她小小的尸 体上。小女孩坐在那儿，手 里还捏着一把烧过了的火柴梗。 她想给自己暖和一下人们说。谁也不知道她曾 经看到过多么美丽的东西，她曾经多么幸福，跟着她奶奶 一起向新年的幸福中走去。 烛伸 富颗奶 怜饿简蜡,data/textbooks/语文三上.pdf,交流
语文三上.pdf_page_38_chunk_1,38,0,3,第3单元,9,那一定会很好,38,42,371,"{'score': 1.0, 'is_suitable': True, 'reason': '长度适中, 中文为主, 教育相关'}",那一定会很好 本文作者流火，选作课文时有改动。 种子被泥土紧紧地包裹着，它不得不把身体缩 成一团。 这真难受。种子想，我一定要站起来，大口大口地呼吸 空气，那一定会很好。 种子一边想一边努 力生长。过了些日子，它长出细细 的根、茎 和两片小叶子，钻出地面，站在阳光下。 过了很多个日子，它长成了一棵高大的树。 高大的树能看到很远的地方，它看见人和动物在山路 上走来走去，跑来跑去。要是能做一棵会跑的树，那一定 会很好。树这么想着。 一天，一个农夫背了锯 子和斧 子来到树林里。这棵树 的树叶向着农夫哗哗哗地拂动起来，农夫把树砍倒了。 农夫把树拖到自家院子里，花了好些日子，做成了一 辆手推车。 农夫把谷子、土豆还有调皮的儿子，放在手推车,data/textbooks/语文三上.pdf,阅读
语文三上.pdf_page_39_chunk_1,39,0,3,第3单元,9,那一定会很好,38,42,332,"{'score': 0.9644578313253013, 'is_suitable': True, 'reason': '长度适中, 中文为主'}",上，推着车在山路 上跑来跑去。跑起 来的时候，手推车 听到耳边呼呼的风 声，真舒服。 手推车为农夫服务了很多年，它慢慢变老了，跑起来 的时候，骨头会吱 吱嘎 嘎地响。要是我能停下来，坐着休 息一会儿，那一定会很好。手推车一边这么想着，一边费 力地跑来跑去。 过了些日子，农夫和儿子一起把手推车拆 了，用拆下 来的旧木料做了把椅子。 椅子一用又是好多年。我真是老了。椅子想。它越 来越觉得挺直腰背坐着很吃力，要是我能躺下，那一定会 很好。 现在，农夫的儿子也已经长成了真正的农夫。他把坐 上去会吱呀摇晃的椅子拆了，锯成小木片，拼成美丽的木 地板，铺在了阳台上。 木地板满意地舒展着身子，躺在阳台上，阳光照在身 上，暖洋洋的，舒服极了。它觉得自己又变成了一棵树。,data/textbooks/语文三上.pdf,课文
语文三上.pdf_page_40_chunk_1,40,0,3,第3单元,10,在牛肚子里旅行,38,42,376,"{'score': 1.0, 'is_suitable': True, 'reason': '长度适中, 中文为主, 教育相关'}",在牛肚子里旅行 本文作者张之路，选作课文时有改动。 有两只小蟋蟀，一只叫青头，另一只叫红头。它们是 一对非常要好的朋友。有一天，吃过早饭，青头对红头说： 咱 们玩捉迷藏吧！ 那让我先藏，你来找。红头说。 好吧！青头说完，转过身子闭上眼睛。 红头向周围看了看，悄 悄地躲在一个草堆里不作声了。 藏好了吗？青头大声问。 红头不说话，只露两只眼睛偷 偷地看。它心想：我要 是一答 ，就会被青头发现。 正在这时，一头大黄牛从红头后面慢慢走过来。红头 做梦也没有想到，大黄牛突然低下头来吃草。可怜的红头 还没有来得及跳开，就和草一起被大黄牛卷到嘴里了。 救命啊！救命啊！红头拼命地叫起来。 你在哪儿？青头急忙问。 我被牛吃了正在它的嘴里救命啊！救命啊！ 青头大吃一惊，它一下子蹦到牛身上，可是那头牛用 尾巴轻轻一扫，青头就给摔到地上了。青头不顾身上的疼,data/textbooks/语文三上.pdf,阅读
语文三上.pdf_page_41_chunk_1,41,0,3,第3单元,10,在牛肚子里旅行,38,42,382,"{'score': 0.961780104712042, 'is_suitable': True, 'reason': '长度适中, 中文为主'}",痛，一骨 爬起来 大声喊：躲过它的 牙齿 ，牛在这时候 不会仔细嚼 的，它 会把你和草一起吞 到肚子里去 那我马上就会死掉。红头哭起来。它和草已经一起 进了牛的肚子。 青头又跳到牛身上，隔着肚皮和红头说话：红头！不 要怕，你会出来的。我听说牛肚子里一共有四个胃 ，前三 个胃是贮 藏食物的，只有第四个胃才是管消化的！ 可是你说这些对我有什么用呢？红头悲 哀地说。 当然有用。等一会儿牛休息的时候，它要把刚才吞进 去的草重新送回嘴里，然后细嚼慢咽 你是勇敢的蟋蟀， 你一定能出来的。 谢谢你！红头的声音小得几乎听不见了。它咬着牙 不让自己失去知觉。 红头在牛肚子里随着草一起移动，从第一个胃到了第 二个胃，又从第二个胃回到了牛嘴里。这一下，红头又看 见了光亮。可是，它已经一动也不能动了。 这时，青头爬到牛鼻子上，用它的身体在牛鼻孔里蹭 来蹭去。,data/textbooks/语文三上.pdf,课文
语文三上.pdf_page_42_chunk_1,42,0,3,第3单元,10,在牛肚子里旅行,38,42,203,"{'score': 1.0, 'is_suitable': True, 'reason': '长度适中, 中文为主, 教育相关'}","阿嚏 ！牛打了一个喷嚏，红头随着一团草一下子给 喷了出来。 红头看见自己的朋友，高兴得流 下了眼泪 谢谢你 青头笑眯 眯地说： 不要 哭，就当你在牛肚子里作了一 次旅行吧！
分角色朗读课文，体会青头和红头对话时的心情，读出相应的 语气。 从哪里可以看出青头和红头是非常要好的朋友？默读全文， 至少找出三处来说明。 红头的旅行真是惊险。画出它在牛肚子里旅行的路线，再把这 个故事讲给别人听。 拼扫 咬流",data/textbooks/语文三上.pdf,练习
语文三上.pdf_page_43_chunk_1,43,0,4,第3单元,11,一块奶酪,46,49,439,"{'score': 1.0, 'is_suitable': True, 'reason': '长度适中, 中文为主, 教育相关'}",蚂蚁队长集合好队伍，向大家宣 布： 今天搬运粮食， 只许出力，不许偷嘴。谁偷嘴就要处 罚谁。 一只小蚂蚁在队列里嘀 咕： 要是偷嘴的是您呢？蚂 蚁队长说： 照样要受处罚。 大家一听，都来劲了，争先恐后赶到运粮地点，抢着 抬大的，搬重的，谁也不愿偷懒。 就在这时，蚂蚁队长发现了一块大奶酪。那块奶酪实 在太大了，它左抬抬不起，右搬搬不动，只好叫来七八只 小蚂蚁当助手。 奶酪多诱 人啊！抬着它，不要说吃，单是闻闻，都要 淌口水。小蚂蚁们嘴叼着它，要做到不趁机舔 一下，那要 有多大的毅 力，多强的纪 律性啊！ 蚂蚁队长叼着奶酪的一角往前拽 着，也许是用力过猛， 一下就把那个角拽掉了。盯着那一点儿掉在地上的奶酪渣 蚂蚁队长想：丢掉，实在太可惜 ；趁机吃掉它，又要犯 许偷嘴的禁 令。怎么办呢？它的心七上八下，只好下令：,data/textbooks/语文三上.pdf,课文
语文三上.pdf_page_44_chunk_1,44,0,4,第3单元,11,一块奶酪,46,49,352,"{'score': 0.9568181818181819, 'is_suitable': True, 'reason': '长度适中, 中文为主'}",休息一会儿！ 听到命令，大家放下奶酪，却不走开。 大家分散开，哪里凉快就到哪里休息。 大家依旧不动，眼睛望着别处，心却牵挂着那一点儿 奶酪渣。 蚂蚁队长生气了。它登上一块大石板，突然下令： 注 意啦，全体都有。稍 息！立正！向后转！齐步 走！等小蚂蚁们消失在草丛中，它才大叫：立定！ 原地休息！ 这时，奶酪旁边只有蚂蚁队长，它要是偷嘴，谁也看 不见。它低下头，嗅 嗅那点儿奶酪渣，味道真香！可是， 它犹豫 了一会儿，终于一跺 脚：注意啦，全体都有。稍 息！立正！向后转！齐步走！ 小蚂蚁们从四面八方的草丛里走拢 来了。当它们重新 到奶酪旁边时，蚂蚁队长命令年龄最小的一只蚂蚁：这 点儿奶酪渣是刚才弄掉的，丢了可惜，你吃掉它吧！ 大家又干起活来了，劲头比刚才更足，奶酪一会儿就 被搬进洞里去了。,data/textbooks/语文三上.pdf,课文
语文三上.pdf_page_45_chunk_1,45,0,4,第3单元,,我来编童话,46,49,263,"{'score': 1.0, 'is_suitable': True, 'reason': '长度适中, 中文为主, 教育相关'}",我来编童话 童话世界多么神奇啊！我们也来编童话故事吧。 玫瑰花 国王 啄木鸟 星期天 黄昏 冬天 小河边 厨房 森林超市 习 作 看到上面这些词语，你的脑海里浮现出了怎样的画面？你想到 了什么样的故事？发挥想象，把故事写下来。 写之前想一想： 故事里有哪些角色？（可以从上面任选一个或几个。如果 有需要，也可以添加你喜欢的其他角色，如小公主月 亮。） 事情发生在什么时间？是在哪里发生的？ 他们在那里做什么？他们之间发生了什么故事？ 写完以后小声读一读，看看句子是否通顺。你还可以试着给故 事加一个题目，注意题目要居中。,data/textbooks/语文三上.pdf,习作
语文三上.pdf_page_46_chunk_1,46,0,4,第3单元,,语文园地 ,46,49,225,"{'score': 0.9931111111111112, 'is_suitable': True, 'reason': '长度适中, 中文为主, 教育相关'}",语文园地 交流平台 读一读，比一比，认一认。 伸申 （申请） 界介 （介绍 ） 棕宗 （祖宗） 忆乙 （乙方） 试式 （方式） 教孝 （孝顺） 识字加油站 童话是一座五彩缤纷的大花园。在童话的世 界里，植物、动物不但和人一样会说话，而且也 有喜怒哀乐。 这个单元的童话故事充满了丰富的想象，蟋 蟀可以在牛肚子里旅行，一粒种子也有自己的梦 想 阅读童话，我们能交到很多奇特的朋友，经 历一些不可思议的事情，还能获得很多启示。,data/textbooks/语文三上.pdf,交流
语文三上.pdf_page_47_chunk_1,47,0,4,第3单元,,读一读,46,49,188,"{'score': 1.0, 'is_suitable': True, 'reason': '长度适中, 中文为主, 教育相关'}",读一读，和同学交流你的发现。 学习下面的修改符号，并试着使用这些修改符号修改自己的习作。 李老师以经走了。 他穿着一件灰色的上衣，一顶蓝色的帽子。 菜园里种了很多蔬 菜，有土豆、黄瓜、西瓜和西红柿。 表示改正 表示增补 表示删除 词句段运用 日积月累 灯不拨不亮，理不辩 不明。 有理走遍天下，无理寸 步难行。 一时强弱 在于力，万古胜负 在于理。 戴着,data/textbooks/语文三上.pdf,日积月累
语文三上.pdf_page_48_chunk_1,48,0,4,,,读书吧,46,49,460,"{'score': 0.9739130434782609, 'is_suitable': True, 'reason': '长度适中, 中文为主'}",在那奇妙的王国里 在童话王国里，小蝌蚪四处寻找自己的妈妈，小壁虎着急地 向别的动物借尾巴，雪孩子和小白兔在一起嬉戏玩耍，王子和公 主过上了幸福的生活在那里，一切都有可能发生，一切都妙 不可言。 你读过吗 《安徒生童话》创造了一个奇妙的童话王国，这是丹麦作家安 徒生送给全世界孩子和大人共同的礼物。卖火柴的小女孩，善良的 拇指姑娘，坚定的锡兵，历经磨难的丑小鸭这些故事里的主人 公，一定会给你留下难以磨灭的印象。 是的，我要和你一块儿去！拇指姑娘说。她坐在鸟儿 的背上，把脚搁在他展开的双翼上，同时用腰带把自己紧紧地 系在他最结实的一根羽毛上。燕子就这样飞到空中，飞过了森 林，飞过了海洋，飞过了常年积雪的高山。在寒冷的高空中， 拇指姑娘冻得发起抖来。于是她就钻到鸟儿温暖的羽毛下面， 只把她的小脑袋伸出来欣赏下面那些美丽的景致。 终于他们来到了温暖的国度，那儿的阳光更加明亮。田沟 里、篱笆上，到处都结满了最美丽的绿色和紫色的葡萄。树林 里到处挂着柠檬和橙子。 选自丹麦安徒生的《拇指姑娘》，叶君健译，有改动 快乐读书吧,data/textbooks/语文三上.pdf,阅读
语文三上.pdf_page_49_chunk_1,49,0,4,第3单元,,相信你可以读更多 ,50,52,296,"{'score': 1.0, 'is_suitable': True, 'reason': '长度适中, 中文为主, 教育相关'}",相信你可以读更多 童话王国里还有许许多多动人的故事。 当你走进叶圣陶笔下《稻草人》的世界，你会知道在夜间的田 野，星星怎样眨眼，月亮怎样微笑。你还会知道，田野里的人们有 着怎样的辛苦和悲伤。 翻开德国格林兄弟搜集整理的《格林童话》，你能从一个个妙 趣横生的故事中，感悟生活的真谛和做人的道理。灰姑娘虽然身处 逆境，却仍然心怀美好，真诚待人；小裁缝勇敢乐观，用自己的智 慧战胜巨人 童话王国中充满了爱与美，等待着你去漫游，去发现。 我们可以把自己 想象成童话中的主人 公，和故事中的人物 一起欢笑，一起悲伤。 童话世界无奇不 有。阅读时，只有发 挥想象，才能真正领 略童话的魅力。 （图）许敦谷,data/textbooks/语文三上.pdf,练习
语文三上.pdf_page_50_chunk_1,50,0,4,第3单元,,猜测与推想,50,52,65,"{'score': 1.0, 'is_suitable': True, 'reason': '长度适中, 中文为主, 教育相关'}",猜测与推想，使我们 的阅读之旅充满了乐趣。 一边读一边预测，顺着故事 情节去猜想。 学习预测的一些基本方法。 尝试续编故事。,data/textbooks/语文三上.pdf,阅读
语文三上.pdf_page_51_chunk_1,51,0,4,第4单元,12,总也倒不了的老屋,50,52,200,"{'score': 1.0, 'is_suitable': True, 'reason': '长度适中, 中文为主, 教育相关'}","本文作者慈琪，选作课文时有改动。 总也倒不了的老屋
老屋已经活了一百多岁了。它的窗户变 成了黑窟窿，门板也破了洞。它很久很久没 人住了。 好了，我到了倒下的时候了！它自 言自语着，准备往旁边倒去。 等等，老屋！一个小小的声音在它门 前响起，再过一个晚上，行吗？今天晚上 有暴 风雨，我找不到一个安心睡觉的地方。 老屋总也 倒不了，是被 施了魔法吗？ 图中的老 屋看上去那么 慈祥，它应该 会答应吧！",data/textbooks/语文三上.pdf,阅读
语文三上.pdf_page_52_chunk_1,52,0,4,第4单元,12,总也倒不了的老屋,53,58,312,"{'score': 0.951923076923077, 'is_suitable': True, 'reason': '长度适中, 中文为主'}",老屋低头看看，吃力地眯起眼睛：哦 是小猫啊。好吧，我就再站一个晚上。 第二天，天晴了。小猫从破窗户里跳了 出来： 喵 喵，谢谢！ 老屋说： 再见！好了，我到了倒下的 时候了！ 等等，老屋！一个小小的声音在它 门前响起，再过二十几天，行吗？主人想 拿走我的蛋，可是我想孵 小鸡。我找不到一 个安心孵蛋的地方。 老屋低头看看，墙壁吱吱呀呀地响： 哦，是老母鸡啊。好吧，我就再站二十几天。 二十多天后，老母鸡从门上的破洞里走 了出来，九只小鸡从门板下面叽 叽叫着钻了 出来： 叽叽，谢谢！ 老屋说： 再见！好了，我到了倒下的 时候了！ 我想老屋 可能会不耐烦 了。 一读到这 句话，我就知 道，一定又有 谁来请老屋帮 忙了。,data/textbooks/语文三上.pdf,课文
语文三上.pdf_page_53_chunk_1,53,0,4,第4单元,12,总也倒不了的老屋,53,58,336,"{'score': 0.9607142857142857, 'is_suitable': True, 'reason': '长度适中, 中文为主'}",等等，老屋！一个小极了的声音在 它门前响起，不注意根本听不到，请再站 一会儿吧，我肚子好饿好饿，外面的树被砍 光了，我找不到一个安心织网抓虫的地方。 老屋低头看看，眼睛眯成一条缝：哦， 是小蜘蛛啊。好吧，我就再站一会儿。 小蜘蛛飞快地爬进屋子，在墙角织了一 张又大又漂亮的网。偶 有虫子撞到网上， 小蜘蛛马上爬过去把虫子吃掉。 小蜘蛛，你吃饱了吗？老屋问。 没有，没有！小蜘蛛一边忙着补网， 一边回答，老屋老屋，我给你讲个故事吧！ 老屋想，这倒很有意思。于是它就开 始听小蜘蛛讲故事。 小蜘蛛的故事一直没讲完，因此，老 屋到现在还站在那儿，边晒太阳，边听小 蜘蛛讲故事。 估计老屋 不会倒了。 老屋可能 还会遇到其他 需要帮助的小 动物。 我猜到了 老屋会怎么回 答。,data/textbooks/语文三上.pdf,课文
语文三上.pdf_page_54_chunk_1,54,0,4,第4单元,12,总也倒不了的老屋,53,58,228,"{'score': 1.0, 'is_suitable': True, 'reason': '长度适中, 中文为主, 教育相关'}",暴睡壁砍 撞饱晒 老屋给你留下了什么样的印象？联系插图和课文内容说一说。 读课文的过程中，你有没有猜到后面会发生什么？和同学交流。 我预测的内容有的跟故事的实际内容一 样，有的不一样。 当我读到老母鸡请求老屋不要倒下时， 我猜老屋可能会不耐烦，因为它不断地被别 人打扰。 我发现，文章的题目、插图，文章内容里 的一些线索，都可以帮助我们预测。 一读到小蜘蛛来请求老屋，我就猜到老屋 会同意，因为故事中的老屋很乐于帮助别人。 生活中也有这样的人。,data/textbooks/语文三上.pdf,交流
语文三上.pdf_page_55_chunk_1,55,0,4,第4单元,13,胡萝卜先生的长胡子,53,58,284,"{'score': 1.0, 'is_suitable': True, 'reason': '长度适中, 中文为主, 教育相关'}",胡萝卜先生的长胡子 本文作者王一梅，选作课文时有改动。 读下面的故事，一边读一边想：接下来可能会发生 什么事情？ 胡萝卜先生常常为胡子发愁 ，因为他长着浓密的胡子， 必须每天刮。 有一天，胡萝卜先生匆匆忙忙刮了胡子，就吃着果酱 面包上街去了。因为他近视，就没有发现漏刮了一根胡子。 这根胡子长在下巴的右边，胡 萝卜先生吃果酱面包的时候， 胡子沾 到了甜甜的果酱。对一 根胡子来说，果酱是多么好的 营养品啊！ 于是，胡萝卜先生一步一 步走的时候，这根胡子就在一 点儿一点儿地变长。只要看看 胡萝卜先生走了多长的路，就 可以知道他的这根胡子已经长 了多长了。,data/textbooks/语文三上.pdf,练习
语文三上.pdf_page_56_chunk_1,56,0,4,第4单元,13,胡萝卜先生的长胡子,53,58,205,"{'score': 0.9678048780487806, 'is_suitable': True, 'reason': '长度适中, 中文为主'}",胡萝卜先生还在继 续走，长胡子被风吹到了身体后面， 他完全不知道。 在很远的街口，有一个男孩正在放风筝。线实在太短 了，他的风筝只能飞过屋顶。 胡萝卜先生的胡子刚好在风里飘动着。这绳子够长 了，就是不知道够不够牢固。 小男孩说完就扯了扯胡子， 他确定足够牢固，就剪了一段用来放风筝。 胡萝卜先生继续往前走，当他走过鸟太太家的树底下， 鸟太太正在找绳子晾 小鸟的尿 布。 胡萝卜先生的胡子刚好在风里飘动着。,data/textbooks/语文三上.pdf,课文
语文三上.pdf_page_57_chunk_1,57,0,4,第4单元,13,胡萝卜先生的长胡子,53,58,301,"{'score': 0.9674418604651164, 'is_suitable': True, 'reason': '长度适中, 中文为主'}",故事还没有结束，你认为后来可能会发生什么事情？你为什么 这样想？听老师把故事讲完，看看自己的预测和故事有哪些相 同和不同。 《帽子的秘密》 《躲猫猫大王》 《团圆》 《夏洛的网》 《柔软的阳光》 《小灵通漫游未来》 读读下面这些文章或书的题目，猜猜里面可能写了些什么。 我在故事的很多地方作了预测。当读到胡 子沾上了营养丰富的果酱时，我就猜到胡子会 越长越长。 故事讲到了长胡子的各种用处，我依据这 个内容和生活常识作了一些预测。 当发现自己的预测和故事的实际内容不同 时，我会及时修正自己的想法，接着猜测后面 可能发生什么。 我预测的内容没有原文丰富，有的还与原 文不一致，但是我的预测也是有依据的。,data/textbooks/语文三上.pdf,课文
语文三上.pdf_page_58_chunk_1,58,0,4,第4单元,14,小狗学叫,53,58,343,"{'score': 1.0, 'is_suitable': True, 'reason': '长度适中, 中文为主, 教育相关'}",从前，有一条不会叫的狗。它不会像狗一样叫，不会 像猫一样叫，也不会像牛那样哞 哞叫，更不会像马那样嘶 鸣。它是一只孤零 零的小狗，不知道怎么到了一个没有狗 的国家。它并没有发现自己有什么毛病，是别人让它知道， 不会叫其实是一种很大的缺陷 。它们对它说： 你怎么不叫？ 我不会我是外来的 这算什么回答啊。你难道不知道狗是会叫的？ 干吗 要叫？ 狗会叫，因为它们是狗。它们对过路的陌 生人叫， 对惹 人讨 的猫叫，对着满月叫。它们高兴的时候叫，紧 张的时候叫，发怒 的时候也叫。它们白天叫得多，但晚上 也叫。 也许是这样，可我,data/textbooks/语文三上.pdf,课文
语文三上.pdf_page_59_chunk_1,59,0,5,第4单元,14,小狗学叫,64,65,299,"{'score': 0.9571906354515051, 'is_suitable': True, 'reason': '长度适中, 中文为主'}",可你怎么啦？你这只狗可真特别。去，去！总有一天 你会上新闻的。 小狗不知道该怎么回答这些批 评。它不会叫，也不知 道怎么才能学会。 你跟我学。有一次，一只同情它的小公鸡对它说。 那只小公鸡喔 喔喔地叫了几声。 我觉得很难。小狗对小公鸡说道。 不难，容易极了。你好好听着，看我的嘴，注意观察 我，学我的样子。 小公鸡又喔喔喔地叫起来。 小狗试着照小公鸡的样子做，但嘴里只发出一种滑稽 的咯 咯声，吓得旁边的小母鸡都逃走了。 不要紧，小公鸡 说道，第一次能这样 就很不错了。你再试 试，来！小狗又试了 一次，两次，三次，都 没能成功。 从此，它天天都练 习，从早到晚偷偷地 练。有时候，为了更自,data/textbooks/语文三上.pdf,课文
语文三上.pdf_page_60_chunk_1,60,0,5,第4单元,14,小狗学叫,64,65,379,"{'score': 1.0, 'is_suitable': True, 'reason': '长度适中, 中文为主, 教育相关'}",由，它索 性到树林里去练。 一天早晨，它在树林里练习，发出的喔喔喔的叫声是 那么逼 真，那么好听，那么洪 亮。一只狐狸听到了，心里 寻思着：公鸡终于来找我了，我得去感谢它的来访 。狐狸 真的去了，还没忘记带上刀叉 和餐巾，因为对狐狸来说， 没有比小公鸡更美味可口的午餐了。可以想象，当它看见 叫的是一只狗而不是小公鸡时，该是多么失望啊！那只 狗蹲坐着，一声又一声地喔喔叫着。 哎呀！狐狸说道，原来是这样！你这是给我设了 一个圈套啊！ 一个圈套？ 当然啦。你让我以为，是一只公鸡在树林里迷路了， 而你却设下圈套想抓我。幸好我发现得及时。 我向你担 保，我压 根就没想抓你，我只是在这里练 习。 练习？练习什么？ 我在练习啼叫，现在差 不多学会了。 你听我叫得多好！说完，它又洪亮 地喔喔叫起来。 狐狸真想哈哈大笑。它 在地上打着滚，捧着肚子，,data/textbooks/语文三上.pdf,练习
语文三上.pdf_page_61_chunk_1,61,0,5,第4单元,14,小狗学叫,64,65,389,"{'score': 0.9573264781491003, 'is_suitable': True, 'reason': '长度适中, 中文为主'}",竭力忍 着不笑出声来。小狗感到受了委 ，低着头，含着 泪水默 默走开了。 近的一只杜鹃看着小狗走过去，很同情它。 你怎么啦？ 没什么。 那你为什么这样伤心？ 唉没什么好说的因为我不会叫。 要是就因为这个，那我可以教你。你听我怎么叫，尽 可能模 仿我。咕咕咕咕咕咕你听明白了吗？ 我觉得很容易。 容易极了，我从小就会这样叫。你试试！咕咕咕 咕 咕小狗学着杜鹃叫，咕 它那天试了，第二天、第三天又试了。一个星期过后， 它已经学得相当不错了。小狗真高兴，心想：我终于会叫 了，现在别人再也不能取笑我了。 就在那几天，人们开始打猎 了，树林里来了很多猎人， 里面还有百发百中 的神枪手。哪怕是一只夜莺，他们也会 给打下来。一个枪法很准的猎人经过那里，听见树丛中传 来咕咕的叫声，就举枪瞄 准，砰 ！砰！连开了两枪。 幸好没打中。子弹 擦过小狗的耳边，就像连环画里画,data/textbooks/语文三上.pdf,课文
语文三上.pdf_page_62_chunk_1,62,0,5,第4单元,14,小狗学叫,64,65,203,"{'score': 0.9556650246305419, 'is_suitable': True, 'reason': '长度适中, 中文为主'}",的那样。小狗拔腿就跑。它很诧 异：那个猎人准是发疯 了， 竟然对狗开枪！ 狗跑啊，跑啊 第一种结局 狗跑啊，跑啊，它跑到了一片草地上，一头小母牛正在 那里安详地吃草。 你去哪儿啊？ 我不知道。 那你就别走了，这里的青草特别鲜嫩。 唉，青草不能医治我的病 你病啦？ 可不是！我不会叫。 可是，这是世界上最容易的事！你听我叫：哞 哞哞还有比这更好听的叫声吗？ 第二种结局 狗跑啊，跑啊，它碰上了一个农民。,data/textbooks/语文三上.pdf,其他
语文三上.pdf_page_63_chunk_1,63,0,5,第4单元,14,小狗学叫,64,65,196,"{'score': 0.9642857142857143, 'is_suitable': True, 'reason': '长度适中, 中文为主'}",第三种结局 狗跑啊，跑啊，突然停住了，它听见一种奇怪的叫声： 汪 汪，汪汪 这叫声像在对我说什么，狗想，尽管我搞 不清这是什 么动物在叫。 汪，汪 故事的几种结局可能是怎样的？说说你的理由。然后听老师读 故事的结局，看看和自己的预测有哪些相同和不同。 你喜欢故事的哪些内容？和同学交流。 选一本同学不熟悉的故事书，读给他们听。读的时候，在某些 地方停下来，让他们猜猜后面可能会发生什么。,data/textbooks/语文三上.pdf,交流
语文三上.pdf_page_64_chunk_1,64,0,5,第4单元,,名字里的故事,64,65,271,"{'score': 1.0, 'is_suitable': True, 'reason': '长度适中, 中文为主, 教育相关'}",名字里的故事 每个人都有名字。你知道自己的名字有什么含义吗？回家问问 长辈吧。你的名字里也许饱含着他们对你的期待，说不定还藏着一 个故事呢！ 和同学交流名字的含义或来历，可以是关于自己名字的，也可 以是关于其他人名字的。 听同学讲的时候，如果有感兴趣的或不理解的内容，可以向讲 的人提出来，进一步了解。 和同学交流之后，回家给家里人说说，你从同学的讲述里知道 了哪些新鲜事。 我还要问问家 里人，看看他们的 名字有什么含义。 有些名人的名字 很有趣，我想去了解 一下。 口语交际 把了解到的信息讲清楚。 听别人讲话的时候，要礼 貌地回应。,data/textbooks/语文三上.pdf,交流
语文三上.pdf_page_65_chunk_1,65,0,5,第4单元,,续写故事,64,65,199,"{'score': 0.9678391959798995, 'is_suitable': True, 'reason': '长度适中, 中文为主'}",续写故事 下面的图讲了什么事情？接下来可能会发生什么？请你把故事 写完。 写好以后小声读一遍，用学过的修改符号把有明显错误的地方 改过来。 和同学交流习作之后，说说你更喜欢谁写的故事。 习 作 我上个星期过九岁 生日，妈妈给我买了一 个很大的生日蛋糕。 李晓明的爸爸 妈妈在外地工作， 我们可以 我也快过生日 了，但是爸爸妈妈 都在外地工作 我也刚刚过了九岁 生日，生日那天是我们 全家人一起过的。,data/textbooks/语文三上.pdf,习作
语文三上.pdf_page_66_chunk_1,66,0,5,第4单元,,语文园地 ,66,71,174,"{'score': 0.9948275862068967, 'is_suitable': True, 'reason': '长度适中, 中文为主, 教育相关'}",语文园地 交流平台 识字加油站 你认识下面这些加点的字吗？查字典认一认。 车轴 3 基础 3 阁 3 楼 3 节 盲 3 人 唐 3 朝 一边读，一边预测后面的内容，可以帮 助我们更好地理解文章的意思。 为了预测得更准确，我读书更仔细了， 注意到了更多的细节。 我在图书馆找书时，会根据书名先猜猜 书的大致内容，再决定要不要看这本书。,data/textbooks/语文三上.pdf,交流
语文三上.pdf_page_67_chunk_1,67,0,5,第4单元,,日积月累 ,66,71,336,"{'score': 0.9779761904761906, 'is_suitable': True, 'reason': '长度适中, 教育相关'}",日积月累 词句段运用 人心齐，泰 山移。 二人同心，其利断金。 三个臭 皮匠 ，顶个诸 亮。 一个篱 三个桩 ，一个好汉三个帮。 读词语，根据加点字的意思读准字音。 3 期 假 3 扮 假 3 装 假 3 日 3 乎 几 3 百 茶几 3 窗明几 3 净 3 枪 中 3 奖 中 3 间 猜中 3 罚 处 3 分 到处 3 处 3 理 下面的成语有什么特点？你还能说出类似的成语吗？ 百发百中 四面八方 七上八下 百战百胜 四通八达 七嘴八舌 百依百顺 四平八稳 七手八脚 读句子，说说你有什么发现。照样子写句子，注意引号的用法。 蚂蚁队长说：照样要受处罚。 救命啊！救命啊！红头拼命地叫起来。 不要紧，小公鸡说道，第一次能这样就很不错了。,data/textbooks/语文三上.pdf,日积月累
语文三上.pdf_page_68_chunk_1,68,0,5,第5单元,,金色的草地,66,71,62,"{'score': 0.9580645161290323, 'is_suitable': True, 'reason': '长度适中, 中文为主'}",生活中不缺少美，只是 缺少发现美的眼睛。 法国 罗丹 体会作者是怎样留心观察周围事物的。 仔细观察，把观察所得写下来。,data/textbooks/语文三上.pdf,习作
语文三上.pdf_page_69_chunk_1,69,0,5,第5单元,15,搭船的鸟,66,71,221,"{'score': 1.0, 'is_suitable': True, 'reason': '长度适中, 中文为主, 教育相关'}","本文作者郭风，选作课文时有改动。 搭船的鸟
我和母亲坐着小船，到乡下外祖父 家里去。我们坐在 船舱里。天下着雨，雨点打在船篷上，沙啦 沙啦地响。船 夫披着蓑 衣在船后用力地摇着橹 后来雨停了。我看见一只彩色的小鸟站在船头，多么 美丽啊！它的羽毛是翠绿的，翅膀带着一些蓝色，比鹦 还漂亮。它还有一张红色的长嘴。 它什么时候飞来的呢？它静悄 悄地停在船头不知有多 久了。它站在那里做什么呢？难道它要和我们一起坐船到 外祖父家里去吗？",data/textbooks/语文三上.pdf,阅读
语文三上.pdf_page_70_chunk_1,70,0,5,第5单元,15,搭船的鸟,66,71,246,"{'score': 1.0, 'is_suitable': True, 'reason': '长度适中, 中文为主, 教育相关'}","我正想着，它一下子冲 3 进水里，不见了。可是，没一会儿， 它飞 3 起来了，红色的长嘴衔 3 着一条小鱼。它站 3 在船头，一口把 小鱼吞了下去。 我正想着，它一下子冲进水里，不见了。可是，没一 会儿，它飞起来了，红色的长嘴衔着一条小鱼。它站在船 头，一口把小鱼吞了下去。 母亲告诉我，这是一只翠鸟。哦，这只翠鸟搭了我们 的船，在捕鱼吃呢。
翠嘴 吞哦捕",data/textbooks/语文三上.pdf,其他
语文三上.pdf_page_71_chunk_1,71,0,6,第5单元,16,金色的草地,74,75,325,"{'score': 1.0, 'is_suitable': True, 'reason': '长度适中, 中文为主, 教育相关'}","本文作者是苏联的普里什文，译者茹香雪，选作课文时有改动。 金色的草地
我们住在乡下，窗前是一大片草地。草地上长满了蒲 公英 。当蒲公英盛开的时候，这片草地就变成金色的了。 我和弟弟常常在草地上玩耍 。有一次，弟弟跑在我前 面，我装着一本正经的样子，喊：谢廖 沙！他回过头来， 我就使劲一吹，把蒲公英的绒毛吹到他的脸上。弟弟也假 装打哈欠 ，把蒲公英的绒毛朝我脸上吹。就这样，这些并 不引人注目的蒲公英，给我们带来了不少快乐。 有一天，我起得很早去钓 鱼，发现草地并不是金色的， 而是绿色的。中午回家的时候，我看见草地是金色的。傍 晚的时候，草地又变绿了。这是为什么呢？我来到草地上， 仔细观察，发现蒲公英的花瓣是合拢 的。原来，蒲公英的",data/textbooks/语文三上.pdf,阅读
语文三上.pdf_page_72_chunk_1,72,0,6,第5单元,16,金色的草地,74,75,276,"{'score': 1.0, 'is_suitable': True, 'reason': '长度适中, 中文为主, 教育相关'}","花就像我们的手掌，可以张开、合上。花朵张开时，花瓣 是金色的，草地也是金色的；花朵合拢时，金色的花瓣被 包住了，草地就变成绿色的了。 多么可爱的草地！多么有趣的蒲公英！从那时起，蒲 公英成了我们最喜爱的一种花。
朗读课文，一边读一边想象课文描写的场景。 仔细读读第3自然段，把下面的内容补充完整，体会作者观察 的细致。 早上，草地 ，因为蒲公英 中午，草地 ，因为蒲公英 傍晚，草地 ，因为蒲公英 我们只要稍加留意，就会发现事物是变化着的。如，向日葵会 随着太阳转动，含羞草被触碰后会害羞地低下头你留 意过哪些事物的变化？和同学交流。 而察 掌趣 欠钓",data/textbooks/语文三上.pdf,交流
语文三上.pdf_page_73_chunk_1,73,0,6,第5单元,,交流平台 ,74,75,321,"{'score': 0.9688473520249221, 'is_suitable': True, 'reason': '长度适中, 中文为主'}",你在生活中观察到了什么？用几句话写下来和同学交流吧！ 交流平台 初试身手 雨停了，我和妈 妈去买菜，在路上看 到好几只小蜗牛正慢 悠悠地过马路 表姐送给我一个芒果。它 的皮是黄色的，摸上去很光 滑。放到鼻子边闻，有一股淡 淡的香味。剥开皮尝一下，是 一种很特别的香甜的味道 留心周围的事 物，我们就会有新 的发现。 窗前的草地对作者来说再熟悉 不过了，但作者稍加留意，就发现 了奇妙的变化。 一次平常的探亲之旅，因为留 心观察，作者认识了一个可爱的新 朋友会搭船的翠鸟。 细致的观察可 以让我们对事物有 更多更深的了解。 草地的色彩会发生奇妙的变 化，原来是因为蒲公英的花有时张 开有时合拢。 翠鸟的美在于它有着色彩艳丽 的羽毛和敏捷的身手。,data/textbooks/语文三上.pdf,习作
语文三上.pdf_page_74_chunk_1,74,0,6,第5单元,,习作示例,74,75,392,"{'score': 1.0, 'is_suitable': True, 'reason': '长度适中, 中文为主, 教育相关'}",我家的小狗 我得好好写写我们家的小狗，它叫王子， 是我们村里长得最花、毛色最漂亮的一只狗。它 跑得特别快，我总也追不上它。不过王子很 ，它总是在前面等着我。 我教过王子认字，可是它连一个字母也 没学会，不过它倒是挺爱上课的。我教它念狗 的时候，它叫得最欢。它准是在想，这是在说它 自己呀！王子还会数数，不过总共才会数到 二。 它喜欢哼 哼叫和汪汪叫。 你要干什么？王子在我面前哼哼时，我 问它。 它汪地叫一声，晃一晃脑袋，表示想要出去。 现在还想干什么？当我们走出院子时，我 接着问它。 王子又汪地叫一声，朝铁路那边跑去。 你该一次说完哪！我一边埋 ，一边跟在 它后面跑。我知道王子想去那儿干什么，它 喜欢同火车赛跑。每次都是它输 ，可它从不在乎。 习作例文 作者观察 得真仔细，他 发现 王子 学狗的时 候叫得最欢。 本文作者是捷克的博日哈，译者刘星灿，选作课文时有改动。,data/textbooks/语文三上.pdf,习作
语文三上.pdf_page_75_chunk_1,75,0,6,第5单元,,习作示例,75,75,313,"{'score': 1.0, 'is_suitable': True, 'reason': '长度适中, 中文为主, 教育相关'}",本文作者王鲁彦，选作课文时有改动。 我爱故乡的杨梅 我的故乡在江南，我爱故乡的杨梅。 细雨如丝，一棵棵杨梅树贪婪 地吮 吸着春天 的甘露。它们伸展着四季常绿的枝条，一片片狭 长的叶子在雨雾中欢笑着。 端午节过后，杨梅树上挂满了杨梅。 杨梅圆圆的，和桂圆一样大小，遍身生着小 刺。等杨梅渐渐长熟，刺也渐渐软了，平了。摘 王子竟 敢跟火车赛跑， 真有趣。 每当有火车开过来，王子都以为能跑赢 它。等 到跑不动了，它便冲 着远去的火车汪汪叫上几声， 不知是允 许火车开走呢，还是骂 了火车一顿 经过仔细观察，作者发现了王子的淘气可爱。把你觉得它 淘气可爱的部分找出来和同学交流。 作者把杨 梅的变化观察 得多仔细啊！,data/textbooks/语文三上.pdf,交流
语文三上.pdf_page_76_chunk_1,76,0,6,第5单元,,习作示例,76,78,334,"{'score': 1.0, 'is_suitable': True, 'reason': '长度适中, 中文为主, 教育相关'}",作者把杨 梅的味道写得 这么具体可感， 让人想亲自尝 一尝它的滋味。 一个放进嘴里，舌尖触到杨梅那平滑的刺，是那 样细腻而柔软。 杨梅先是淡红的，随后变成深红，最后几乎变 成黑的了。它不是真的变黑，而是因为太红了，看 上去像黑的。你轻轻咬开它，就可以看见那新鲜红 嫩的果肉，嘴唇 上舌头上同时染 满了鲜红的汁水。 没有熟透的杨梅又酸又甜，熟透了就甜津津 的，叫人越吃越爱吃。我小时候，有一次杨梅吃 得太多，感觉牙齿又酸又软，连豆腐也咬不动了。 我这才知道，杨梅虽然熟透了，酸味还是有的，因 为它太甜，吃起来就不觉得酸了。吃多了杨梅再 吃别的东西，才感觉到牙齿已经被它酸倒了。 认真读课文，填写下面的表格，体会作者观察的细致。 杨 梅 特 点 外 形 颜 色 味 道,data/textbooks/语文三上.pdf,练习
语文三上.pdf_page_77_chunk_1,77,0,6,第5单元,,习作示例,76,78,206,"{'score': 0.966990291262136, 'is_suitable': True, 'reason': '长度适中, 中文为主'}",我们眼中的缤纷世界 这段时间我们观察了不少身边的事物，有了很多新发现。这 次习作，就让我们把最近观察时印象最深的一种事物或一处场景 写下来。 写完后，把你认为写得好的部分读给小组同学听，展示你的观 察所得。 交流习作之后，试着用一句话说说最近的观察感受，和同学分 享心得。如： 观察时要细致一些。 观察时不仅用眼睛看，用耳朵听，还可以用手摸，用鼻子闻， 有时还可以尝一尝。 观察时要注意事物的变化。 习 作,data/textbooks/语文三上.pdf,习作
语文三上.pdf_page_78_chunk_1,78,0,6,第6单元,,,79,80,61,"{'score': 1.0, 'is_suitable': True, 'reason': '长度适中, 中文为主, 教育相关'}",祖国，我爱你。 我爱你每一寸土地， 我爱你壮美的山河。借助关键语句理解一段话的意思。 习作的时候，试着围绕一个意思写。,data/textbooks/语文三上.pdf,习作
语文三上.pdf_page_79_chunk_1,79,0,6,第6单元,17,古诗三首,79,80,267,"{'score': 0.9370786516853933, 'is_suitable': True, 'reason': '长度适中'}","望天门山 唐 李 白 天门中断楚江开， 碧水东流至此回。 两岸青山相对出， 孤帆一片日边来。
饮湖上初晴后雨 宋 苏轼 水光潋滟晴方好， 山色空蒙雨亦 奇。 欲把西湖比西子， 淡妆浓抹 总相宜 注释 〔天门山〕今安徽东梁山 与西梁山的合称。东梁山 在今芜湖市，西梁山在 今马鞍山市，两山隔江相 对，像天然的门户。 〔楚江〕长江中下游部分 河段在古代流经楚地，所 以叫楚江。 注释 〔潋滟〕波光闪动的样子。 〔方〕正。 〔空蒙〕迷茫缥缈的样子。 〔亦〕也。 〔西子〕即西施，春秋时代 越国的美女。 古诗三首",data/textbooks/语文三上.pdf,日积月累
语文三上.pdf_page_80_chunk_1,80,0,6,第6单元,17,古诗三首,79,80,197,"{'score': 0.9911167512690356, 'is_suitable': True, 'reason': '长度适中, 中文为主, 教育相关'}",望洞庭 唐 刘禹锡 湖光秋月两相和， 潭面无风镜未 遥望洞庭山水翠， 白银盘 里一青螺。 有感情地朗读课文，想象诗中描绘的景色。背诵课文。默写 《望天门山》。 用自己的话说说下面诗句的意思。 两岸青山相对出，孤帆一片日边来。 湖光秋月两相和，潭面无风镜未磨。 遥银 注释 〔洞庭〕即洞庭湖，位于 今湖南北部。 〔青螺〕青绿色的螺。这 里用来形容洞庭湖中的 君山。,data/textbooks/语文三上.pdf,练习
语文三上.pdf_page_81_chunk_1,81,0,6,第6单元,18,富饶  的西沙群岛,81,86,300,"{'score': 0.9566666666666668, 'is_suitable': True, 'reason': '长度适中, 中文为主'}","富饶 的西沙群岛 本文选自人民教育出版社《十年制学校小学课本（试用本）语文第六册》，有改动。
西沙群岛位于南海的西北部，是我国海南省三沙市的 一部分。那里风景优 美，物产丰富，是个可爱的地方。 西沙群岛一带海水五光十色，瑰 丽无比：有深蓝的， 淡青的，浅绿的，杏黄的。一块块，一条条，相互交错着。 因为海底高低不平，有山崖，有峡谷，海水有深有浅，从 海面看，色彩就不同了。 海底的岩 石上生长着各种各样的珊 ，有的像绽 开的 花朵，有的像分枝的鹿角。海参 到处都是，在海底懒洋洋 地蠕 动。大龙虾全身披甲，划过来，划过去，样子挺威武 鱼成群结队地在珊瑚丛中穿来穿去，好看极了。有的",data/textbooks/语文三上.pdf,阅读
语文三上.pdf_page_82_chunk_1,82,0,6,第6单元,18,富饶  的西沙群岛,81,86,273,"{'score': 0.9633699633699634, 'is_suitable': True, 'reason': '长度适中, 中文为主'}",全身布满彩色的条纹；有的头上长着一簇 红缨 ；有的周身 像插着好些扇子，游动的时候飘飘摇摇；有的眼睛圆溜溜 的，身上长满了刺，鼓起气来像皮球一样圆。各种各样的 鱼多得数不清。正像人们说的那样，西沙群岛的海里一半 是水，一半是鱼。 西沙群岛也是鸟的天下。岛上有一片 片茂密的树林，树林里栖 息着各种海鸟。 遍地都是鸟蛋。树下堆积着一层厚厚的鸟 ，这是非常宝贵的肥料。 富饶的西沙群岛，是我们祖祖辈 辈生活的地方。随着 祖国建设事业的发展，可爱的西沙群岛，必将变得更加美 丽，更加富饶。 （摄影）孟峻颖 我发现这段 话是围绕一句话 来写的。,data/textbooks/语文三上.pdf,课文
语文三上.pdf_page_83_chunk_1,83,0,6,第6单元,18,富饶  的西沙群岛,81,86,91,"{'score': 1.0, 'is_suitable': True, 'reason': '长度适中, 中文为主, 教育相关'}",有感情地朗读课文。说说从哪些地方可以看出西沙群岛风景优 美、物产丰富。 选择你喜欢的部分，向别人介绍西沙群岛。 小练笔 从下面的图中选择一幅，写几句话。 挺刺 宝贵,data/textbooks/语文三上.pdf,习作
语文三上.pdf_page_84_chunk_1,84,0,6,第6单元,19,海滨 小城 ,81,86,442,"{'score': 1.0, 'is_suitable': True, 'reason': '长度适中, 中文为主, 教育相关'}","海滨 小城 本文作者林遐，选作课文时有改动。
我的家乡在广东，是一座海滨小城。人们走到街道尽 头，就可以看见浩 的大海。天是蓝的，海也是蓝的。海 天交界的水平线上，有棕色的机帆船和银白色的军舰来来 往往。天空飞翔着白色的、灰色的海鸥 ，还飘着跟海鸥一 样颜色的云朵。 早晨，机帆船、军舰、海鸥、云朵，都被朝阳镀 上了 一层金黄色。帆船上的渔民，军舰上的战士，他们的脸和 也镀上了一层金黄色。 海边是一片沙滩，沙滩上遍地是各种颜色、各种花纹 的贝壳。这里的孩子见得多了，都不去理睬 这些贝壳，贝 壳只好寂寞地躺在那里。远处响起了汽笛声，那是出海捕 鱼的船队回来了。船上满载 着银光闪闪的鱼，还有青色的 虾和蟹，金黄色的海螺。船队一靠岸，海滩上就喧 闹起来。 小城里每一个庭院都栽了很多树。有桉 树、椰子树、 树、凤凰 树，还有别的许多亚 热带树木。初夏，桉树 叶子散发出来的香味，飘得满街满院都是。凤凰树开了花， 开得那么热闹，小城好像笼罩在一片片红云中。",data/textbooks/语文三上.pdf,阅读
语文三上.pdf_page_85_chunk_1,85,0,7,第6单元,19,海滨  小城 ,88,92,299,"{'score': 1.0, 'is_suitable': True, 'reason': '长度适中, 中文为主, 教育相关'}","小城的公园更美。这里栽着许许多多榕 树。一棵棵榕 树就像一顶顶撑开的绿绒大伞，树叶密不透风，可以遮太 阳，挡风雨。树下摆着石凳 ，每逢 休息的日子，石凳上总 是坐满了人。 小城的街道也美。除 了沥 青的大路，都是用细沙铺成 的，踩上去咯 吱咯吱地响，好像踩在沙滩上一样。人们把 街道打扫得十分干净，甚至连一片落叶都没有。 这座海滨小城真是又美丽又整洁。
渔遍躺载 除踩洁 朗读课文。说说课文写了海滨小城的哪些景象，这些景象是什 么样的。 有些句子很重要，可以帮助我们理解一段话的意思，你能从课 文中找出来吗？ 在课文中画出你认为写得好的句子，抄写下来和同学交流。",data/textbooks/语文三上.pdf,习作
语文三上.pdf_page_86_chunk_1,86,0,7,第6单元,20,美丽的小兴  安岭,88,92,348,"{'score': 0.9563218390804599, 'is_suitable': True, 'reason': '长度适中, 中文为主'}","美丽的小兴 安岭 本文选自人民教育出版社《全日制十年制学校小学课本（试用本）语文第六册》。
我国东北的小兴安岭，有数不清的红松、白桦、栎 树几百里连成一片，就像绿色的海洋。 春天，树木抽出新的枝条，长出嫩绿的叶子。山上的 积雪融 化了，雪水汇 成小溪，淙 淙地流着。溪里涨满了春 水。小鹿在溪边散步，它们有的俯 下身子喝水，有的侧 脑袋欣 赏自己映在水里的影子。 夏天，树木长得葱葱茏 茏，密密层层的枝叶把森林封 得严严实实的，挡住了人们的视线，遮住了蓝蓝的天空。 早晨，雾从山谷里升起来，整个森林浸 在乳 白色的浓雾里。 太阳出来了，千万缕 眼的金光穿过树梢 ，照射在工人宿 门前的草地上。草地上盛开着各种各样的野花，红的、 白的、黄的、紫的，真像个美丽的大花坛。",data/textbooks/语文三上.pdf,阅读
语文三上.pdf_page_87_chunk_1,87,0,7,第6单元,20,美丽的小兴  安岭,88,92,250,"{'score': 0.9648000000000001, 'is_suitable': True, 'reason': '长度适中, 中文为主'}",秋天，白桦和栎树的叶子变黄了，松柏显 得更苍翠了。 秋风吹来，落叶在林间飞舞。这时候，森林向人们献出了 酸甜可口的山葡萄，又香又脆的榛 子，鲜嫩的蘑菇和木耳， 还有人参等名贵药材。 冬天，雪花在空中飞舞。树上积满了白雪。地上的雪 厚厚的，又松又软，常常没过膝 盖。西北风呼呼地刮过树 梢。黑熊躲进自己的洞里冬眠 。紫貂 捕捉野兔当美餐。松 鼠靠秋天收藏在树洞里的松子过日子，有时候还到枝头散 散步，看看春天是不是快要来临。 小兴安岭一年四季景色诱人，是一座美丽的大花园， 也是一座巨大的宝库,data/textbooks/语文三上.pdf,课文
语文三上.pdf_page_88_chunk_1,88,0,7,第6单元,20,美丽的小兴  安岭,88,92,177,"{'score': 1.0, 'is_suitable': True, 'reason': '长度适中, 中文为主, 教育相关'}",软刮库 有感情地朗读课文，注意读好文中的长句子。 读下面的句子，体会加点的词语好在哪里。 春天，树木抽出 3 新的枝条，长出嫩绿的叶子。 早晨，雾从山谷里升起来，整个森林浸 3 在乳白色的浓雾里。 如果到小兴安岭旅游，你会选择哪个季节去？结合课文内容说 说你的理由。 选 做 你的家乡哪个季节最美？为什么？写一段话和同学交流。,data/textbooks/语文三上.pdf,交流
语文三上.pdf_page_89_chunk_1,89,0,7,第6单元,,习 作,88,92,257,"{'score': 1.0, 'is_suitable': True, 'reason': '长度适中, 中文为主, 教育相关'}",这儿真美 花园、果园，田野、小河我们周围有许多美丽的地方，你 发现了吗？ 让我们把身边的美景介绍给别人吧！ 写之前仔细观察，看看这个地方有些什么，是什么样子的。 写的时候，试着运用从课文中学到的方法，围绕一个意思写。如： 操场后面的小花园真美 秋天的树林就像一幅色彩斑斓的图画 一到池塘边，我就被眼前的景色吸引住了 写好后自己读一读，改正错别字。然后读给同学听，和同学分 享你发现的美景。 习 作 盛开 飞舞 狂欢 闪闪发光 漂亮 优美 明朗 静悄悄 粗壮 香甜 清凉 亮晶晶 可以用上 这学期新学的 词语。,data/textbooks/语文三上.pdf,课文
语文三上.pdf_page_90_chunk_1,90,0,7,第6单元,,语文园地 ,91,93,172,"{'score': 1.0, 'is_suitable': True, 'reason': '长度适中, 中文为主, 教育相关'}",语文园地 交流平台 识字加油站 这样的句子也有可能在一段话的末尾或中间。 我们习作的时候也可以学着这样写。 有的时候，一段话的开头就表达了这段话的主 要意思，后面的内容都是围绕开头这句话来写的。 读一读，认一认，想想每行加点的字有什么特点。 飞蛾 螃蟹 鱼 鲫 鱼 鲨 找到这样的句子，可以帮助我们更好地理解一 段话的意思。,data/textbooks/语文三上.pdf,习作
语文三上.pdf_page_91_chunk_1,91,0,7,第6单元,,日积月累 ,91,93,170,"{'score': 0.9994117647058824, 'is_suitable': True, 'reason': '长度适中, 中文为主, 教育相关'}","看到下面的词语，你的眼前会浮现怎样的画面？选择一两个词 语写句子。 懒洋洋 慢腾腾 颤巍巍 兴冲冲 静悄悄 空荡荡 乱糟糟 闹哄哄 用下面的句子开头，试着说一段话。 车站的人可真多 我喜欢夏天的夜晚 词句段运用 日积月累
早发白帝城 唐 李 白 朝辞 白帝彩云间， 千里江陵 一日还 两岸猿 声啼 不住， 轻舟已过万重山。",data/textbooks/语文三上.pdf,日积月累
语文三上.pdf_page_92_chunk_1,92,0,7,第7单元,,大自然的语言,91,93,60,"{'score': 1.0, 'is_suitable': True, 'reason': '长度适中, 中文为主, 教育相关'}",大自然赐给我们许多珍贵的 礼物，你发现了吗？ 感受课文生动的语言，积累喜欢的语句。 留心生活，把自己的想法记录下来。,data/textbooks/语文三上.pdf,练习
语文三上.pdf_page_93_chunk_1,93,0,7,第7单元,21,大自然的声音,94,99,440,"{'score': 0.9609090909090909, 'is_suitable': True, 'reason': '长度适中, 中文为主'}","大自然的声音 本文选自湖北教育出版社《义务教育课程标准实验教科书语文三年级上册》。
大自然有许多美妙 的声音。 风，是大自然的音乐家。他会在森林里演奏 他的手风 琴。当他翻动树叶，树叶便像歌手一样，唱出各种不同的 歌曲。不一样的树叶，有不一样的声音；不一样的季节， 有不一样的音乐。当微风拂过，那声音轻轻柔柔的，好像 细语，让人感受到大自然的温柔；当狂风吹起，整座 森林都激动起来，合奏出一首雄伟 的乐曲，那声音充满力 量，令人感受到大自然的威力。 水，也是大自然的音乐家。下雨的时候，他喜欢玩打 乐器。小雨滴敲敲打打，一场热闹的音乐会便开始了。 滴滴答答叮叮咚咚所有的树林，树林里的每片树 叶；所有的房子，房子的屋顶和窗户，都发出不同的声音。 当小雨滴汇 聚起来，他们便一起唱着歌：小溪淙 淙，流向 河流；河流潺 潺，流向大海；大海哗哗，汹 涌澎 。从一 首轻快的山中小曲，唱到波澜 壮阔的海洋大合唱。 动物是大自然的歌手。走在公园里，听听树上叽叽喳",data/textbooks/语文三上.pdf,阅读
语文三上.pdf_page_94_chunk_1,94,0,7,第7单元,21,大自然的声音,94,99,168,"{'score': 1.0, 'is_suitable': True, 'reason': '长度适中, 中文为主, 教育相关'}","喳的鸟叫；坐在一棵树下，听听唧 哩唧哩哩的虫鸣；在 水塘边散步，听听青蛙的歌唱。你知道他们唱的是什么 吗？他们的歌声好像告诉我们：我在歌唱，我很快乐！
受激 敲鸣 朗读课文，体会大自然声音的美妙。背诵第2〜3自然段。 填一填，再说一说课文写了大自然的哪些声音。 风，是大自然 的音乐家。 大自然有许多美妙的声音。",data/textbooks/语文三上.pdf,交流
语文三上.pdf_page_95_chunk_1,95,0,7,第7单元,21,大自然的声音,94,99,272,"{'score': 1.0, 'is_suitable': True, 'reason': '长度适中, 中文为主, 教育相关'}",读读下面描写声音的词语，再说说你在哪里听到过这样的声音。 轻轻柔柔的呢喃细语 雄伟的乐曲 充满力量的声音 热闹的音乐会 轻快的山中小曲 波澜 壮阔的海洋大合唱 小练笔 你听到过哪些美妙的声音？试着写几句话和同学交流， 如，鸟儿是大自然的歌手厨房是一个音乐厅。 阅读链接 瀑 布 叶圣陶 还没看见瀑布， 先听见瀑布的声音， 好像叠叠的浪涌上岸滩， 又像阵阵的风吹过松林。 山路忽然一转， 啊，望见了瀑布的全身！ 这般景象没法比喻， 千丈青山衬着一道白银。 站在瀑布脚下仰望， 好伟大呀，一座珍珠的屏！ 时时来一阵风， 把它吹得如烟，如雾，如尘。,data/textbooks/语文三上.pdf,习作
语文三上.pdf_page_96_chunk_1,96,0,7,第7单元,22,读不完的大书,94,99,421,"{'score': 1.0, 'is_suitable': True, 'reason': '长度适中, 中文为主, 教育相关'}",读不完的大书 本文作者朱维之，选作课文时有改动。 我五六岁时，就喜欢到大自然中去寻找好玩的东西。 高远的天空，广阔的大地，空中的浮云飞鸟，水里的虾蟹 游鱼，地上的走兽昆虫、花草树木世界万物，不仅 玩，还让人沉思和遐 想。 小麻 雀叽叽喳喳、蹦蹦跳跳的，叫人愉悦。老鹰在高 空盘旋 ，展翅滑翔，突然猛扑而下，给人以雄健勇猛的感 觉。蚂蚁搬家，井然有序 ，当两军对垒 时，那勇敢忠贞 精神，真叫人敬佩 植物的开花、结籽，暑寒荣枯，有着不同的趣味。花 儿有红的、黄的、紫的、蓝的，形状有单瓣的、重瓣的， 千姿 百态 。草的叶子各不相同，有长有短，有宽有窄，有 的还带着刺。 我家房子前后栽有各种果树，有梨 树、桃树、橘子树、 子树，在不同的时间里，它们开不同的花，结不同的果。 刚从树上摘下的果子，味道格外鲜美。 我最喜爱的，是我家屋后的两丛竹子和一株棕榈 。竹 子长得快，雨后春笋 ，一天长几寸 ，没几天就长得和我一,data/textbooks/语文三上.pdf,阅读
语文三上.pdf_page_97_chunk_1,97,0,7,第7单元,22,读不完的大书,94,99,160,"{'score': 0.95875, 'is_suitable': True, 'reason': '长度适中, 中文为主'}",样高了。微风吹来，沙沙的竹叶声，如同温柔的细语。池 塘边的棕榈树高大挺拔，大蒲扇似的叶子在风中摇摆，一 脱俗 的样子。在秋高气爽 的日子里，它倒映在池塘 的水中，小鱼在倒影间游玩，又是另一种境界。 大自然是一本看不完的大画册，是一部永远读不完的 大书，里面有无穷的奥 ，有无尽的乐趣。 读虾 蚂蚁短 柔摇册,data/textbooks/语文三上.pdf,其他
语文三上.pdf_page_98_chunk_1,98,0,7,第7单元,22,读不完的大书,94,99,218,"{'score': 1.0, 'is_suitable': True, 'reason': '长度适中, 中文为主, 教育相关'}",朗读课文，感受大自然的乐趣。 课文描写了大自然中哪些好玩的东西？读下面的句子，再 找出类似的语句读一读，体会生动的语言。 小麻雀叽叽喳喳、蹦蹦跳跳的，叫人愉悦。 老鹰在高空盘旋，展翅滑翔，突然猛扑 而下，给人以雄健勇猛的感觉。 微风吹来，沙沙的竹叶声，如同温柔 的细语。 在秋高气爽的日子里，它倒映在池 塘的水中，小鱼在倒影间游玩，又 是另一种境界。 在大自然这本读不完的大书 中，你都读到了什么？仿照课文 写一写，和同学交流。,data/textbooks/语文三上.pdf,习作
语文三上.pdf_page_99_chunk_1,99,0,8,第7单元,23, 父亲、树林和鸟,102,103,214,"{'score': 1.0, 'is_suitable': True, 'reason': '长度适中, 中文为主, 教育相关'}","本文作者牛汉，选作课文时有改动。 父亲、树林和鸟
父亲一生最喜欢树林和歌 唱的鸟。 童年时，一个春天的黎 明，父亲带着我从滹 河岸的 一片树林边走过。 父亲突然站定，朝幽 深的 雾蒙蒙的树林，上上下下地望 了又望，用鼻子闻了又闻。 林子里有不少鸟。父亲 喃喃着。 并没有看见一只鸟飞，并没 有听到一声鸟叫。 我茫茫然地望着凝 神静气 的像树一般兀 立的父亲。 父亲指着一棵树的一根树 枝对我说： 看那里，没有风，叶子",data/textbooks/语文三上.pdf,阅读
语文三上.pdf_page_100_chunk_1,100,0,8,第7单元,23, 父亲、树林和鸟,102,103,311,"{'score': 0.9556270096463023, 'is_suitable': True, 'reason': '长度适中, 中文为主'}",为什么在动？ 我仔细找，没有找到动着的那几片叶子。 还有鸟味。父亲轻声说，他生怕惊动鸟。 我只闻到浓浓的苦苦的草木气息，没有闻到 什么鸟的气味。 鸟也有气味？ 有。树林里过夜的鸟总是一群，羽毛焐 得热 腾腾的。 黎明时，所有的鸟都抖动着羽毛，要抖净露 水和湿气。 每一个张开的喙 都舒畅 地呼吸着，深深地呼 吸着。 鸟要准备歌唱了。 父亲和我坐在树林边，鸟真的唱了起来。 这是树林和鸟最快活的时刻。父亲说。 我知道父亲此时也最快活。 过了几天，父亲对我说： 鸟最快活的时刻，飞 离树枝的那一瞬 间，容易被猎 人打中。 为什么？我惊愕 地问。 父亲说： 黎明时的鸟，翅膀潮湿，飞起来沉重。 我真高兴，父亲不是猎人。,data/textbooks/语文三上.pdf,课文
语文三上.pdf_page_101_chunk_1,101,0,8,第7单元,23, 父亲、树林和鸟,102,103,248,"{'score': 1.0, 'is_suitable': True, 'reason': '长度适中, 中文为主, 教育相关'}",默读课文，想一想：为什么说我真高兴，父亲不是猎人？ 你同意下面这些对父亲的判断吗？说说你的理由。 父亲一生最喜欢树林和鸟。 父亲对鸟的习性十分了解。 父亲很善于观察。 父亲热爱自然。 父亲曾经是个猎人。 读句子，说说加点的部分给你什么感受，然后选择一句抄下来。 父亲突然站定，朝幽 深的雾蒙蒙的 3 树林，上上下下地望了又 望，用鼻子闻了又闻。 我茫茫然地望着凝 3 神静气的像树一般 3 兀 立的 3 父亲。 我只闻到浓浓的苦苦的 3 草木气息，没有闻到什么鸟的气味。 湿吸,data/textbooks/语文三上.pdf,练习
语文三上.pdf_page_102_chunk_1,102,0,8,第7单元,,口语交际 ,102,103,168,"{'score': 0.9726190476190477, 'is_suitable': True, 'reason': '长度适中, 中文为主'}",身边的小事 我们的身边每天都在发生各种各样的小事，每件事都以不 同的方式影响着我们的生活。 清楚地表达自己的看法。 汇总小组意见时，尽可能反映 每个人的想法。 口语交际 你的身边有哪些类似这样的小事？和小组同学交流你发现 的令人感到温暖的行为，或是不文明的行为，再谈谈你对这些行为 的看法。 汇总小组同学谈到的小事，和其他小组交流。,data/textbooks/语文三上.pdf,交流
语文三上.pdf_page_103_chunk_1,103,0,8,第7单元,,我有一个想法,103,104,446,"{'score': 0.9744394618834081, 'is_suitable': True, 'reason': '长度适中, 中文为主'}",最近我一直在想，我们班能不能开辟一个植物角呢？我们 可以在植物角养花种草，或是种花生、种豆子，还可以根据季 节的变化更换不同的植物。我们可以轮流照看它们，给它们浇 水、施肥。这样既可以使班里的同学了解不同植物的特点，还 可以使大家亲近自然，为教室增添大自然的气息。 我发现爱玩手机的人特别多。上个月我们去给爷爷祝 寿，聚会的时候大家都在各自看手机，很少一起聊天。我爸 爸下班回家之后，也一直玩手机，我叫他他都不理我。 过于沉迷手机会影响与别人的交往，我们不应该总是玩 手机，应该用更多的时间关心身边的人。 我有一个想法 生活中有很多需要改进的问题。如果我们积极表达自己的想法， 提出改进建议和解决办法，就能使生活变得更加美好。如： 习 作 生活中有哪些问题引起了你的关注？你有什么想法？从自己发 现的或同学列举的问题中选择一个写一写。 写的时候，要把问题和你的想法写清楚。如果有改进建议和解 决办法，也可以写下来。 写好以后读给同学听，看看他是否明白你的想法，再问问他对 这个问题有什么看法。,data/textbooks/语文三上.pdf,习作
语文三上.pdf_page_104_chunk_1,104,0,8,第7单元,,读一读,103,104,220,"{'score': 0.9581818181818182, 'is_suitable': True, 'reason': '长度适中, 中文为主'}",读一读，想象句子描写的情形，然后照样子写句子。 它的声音小得 3 几乎听不见了。 王老师急得 3 直跺脚。 他跑得 3 像兔子一样快。 妈妈累得 语文园地 交流平台 词句段运用 读书时，我会画出写得好的语句，记录在 摘抄本上。 我喜欢归类摘抄。把描写同类事物的语句 分门别类地写下来，经常翻看，对我的习作很 有帮助。 摘抄时，遇到写得生动的语句，我会在旁 边写写感受，特别喜欢的我还会背下来。 我会在合适的地方给摘抄的内容注明出处。,data/textbooks/语文三上.pdf,习作
语文三上.pdf_page_105_chunk_1,105,0,8,第7单元,,日积月累,105,110,200,"{'score': 0.9890000000000001, 'is_suitable': True, 'reason': '长度适中, 教育相关'}",日积月累 采莲曲 唐 王昌龄 荷叶罗 裙一色裁， 芙蓉向脸两边开。 乱入池中看不见， 闻歌始觉有人来。 书写提示 读下面的句子，注意加点的词语，说说你有什么发现。 小溪淙淙，流向河流 3 ；河流 3 潺潺，流向大海 3 ；大海 3 哗哗，汹 涌澎湃。 遥远的夜空有一个弯弯的月亮 3 ，弯弯 的月亮 3 下面是那弯弯的小桥 3 撇和捺写得舒展， 字形就优美。 我能接着往下说： 弯弯的小桥旁边,data/textbooks/语文三上.pdf,日积月累
语文三上.pdf_page_106_chunk_1,106,0,8,第7单元,,美好的品质,105,110,56,"{'score': 1.0, 'is_suitable': True, 'reason': '长度适中, 中文为主, 教育相关'}",美好的品质， 犹如温暖的阳光， 带给我们希望和力量。 学习带着问题默读，理解课文的意思。 学写一件简单的事。,data/textbooks/语文三上.pdf,其他
语文三上.pdf_page_107_chunk_1,107,0,8,第8单元,24,司马光,105,110,195,"{'score': 0.9771794871794872, 'is_suitable': True, 'reason': '长度适中, 教育相关'}",跟着老师朗读课文，注意词句间的停顿。背诵课文。 借助注释，用自己的话讲一讲这个故事。 这篇课文的语言和其他课文有什么不同？和同学交流。 注释 本文选自《宋史司马光传》。 〔庭〕庭院。 〔瓮〕口小肚大的陶器。 〔皆〕全，都。 〔光〕指司马光。 〔迸〕涌出。 群儿戏于庭 ，一儿登瓮 ，足跌 没水中。众皆 弃 去，光 持 石击瓮破 之，水迸 ，儿得活。,data/textbooks/语文三上.pdf,交流
语文三上.pdf_page_108_chunk_1,108,0,8,第8单元,25,灰雀,105,110,367,"{'score': 1.0, 'is_suitable': True, 'reason': '长度适中, 中文为主, 教育相关'}","本文作者是苏联的阿列克谢耶夫，译者李声权，选作课文时有改动。 灰 雀
有一年冬天，列宁 在郊外养病。他每天到公园散步。 公园里有一棵高大的白桦树，树上有三只灰雀：两只胸 是粉红的，一只胸脯是深红的。它们在树枝间来回跳动， 转地歌唱，非常惹 人喜爱。列宁每次走到白桦树下，都 要停下来，仰 望这三只欢快的灰雀，还经常给它们带来面 包渣 和谷粒。 一天，列宁又来到公园，走到白桦树下，发现那只胸 脯深红的灰雀不见了。他在周围的树林中找遍了，也没有 找到。 这时，列宁看见一个小男孩，就问：孩子，你看见过 一只深红色胸脯的灰雀吗？ 男孩说： 没我没看见。 列宁说： 一定是飞走了或 是冻死了。天气严寒，它 怕冷。 那个男孩本来想告诉列宁灰雀没有死，但又不敢讲。 列宁自言自语地说： 多好的灰雀呀，可惜 再也飞不回 来了。",data/textbooks/语文三上.pdf,阅读
语文三上.pdf_page_109_chunk_1,109,0,8,第8单元,25,灰雀,105,110,302,"{'score': 1.0, 'is_suitable': True, 'reason': '长度适中, 中文为主, 教育相关'}","男孩看看列宁，说： 会飞回来的，一定会飞回来的。 它还活着。 列宁问： 会飞回来？ 一定会飞回来！男孩肯定地说。 第二天，列宁来到白桦树下，果然又看到那只灰雀欢 蹦乱跳地在枝头歌唱。那个男孩站在白桦树旁，低着头。 列宁看看男孩，又看看灰雀，微笑着说： 你好！灰 雀，昨天你到哪儿去了？ 当然，灰雀没有告诉列宁昨天它去哪儿了。列宁也没 再问那个男孩，因为他已经知道，男孩是诚 实的。
冷惜肯 粉谷粒男或 分角色朗读课文，读出对话的语气。 默读课文，想一想：列宁和小男孩在对话的时候，他们各自心 里想的是什么？ 从哪里能看出列宁和小男孩喜爱灰雀？找出相关的语句读一读， 然后和同学交流。",data/textbooks/语文三上.pdf,交流
语文三上.pdf_page_110_chunk_1,110,0,8,第8单元,26,手术台就是阵地,105,110,451,"{'score': 1.0, 'is_suitable': True, 'reason': '长度适中, 中文为主, 教育相关'}","本文作者周而复，选作课文时有改动。 手术台就是阵地
1939年春，齐会战斗 打响了。气焰嚣 张的日军刚刚到 齐会一带就挨了当头一棒 ，被我军消灭了五百多人。 敌人不断反扑，战斗非常激烈。我军的伤员陆续从火 线上抬下来。在离火线不远的一座小庙 里，白求恩 夫正在 给伤员做手术。他已经两天两夜没休息了，眼球上布满了 血丝。突然，几发炮弹落在小庙前的空地上。硝 烟滚滚，弹 片纷飞，小庙被烟雾淹没了。白求恩仍然镇 定地站在手术台 旁。他接过助手递过来的镊 子，敏 地从伤员的腹 里取出 一块弹片，丢在盘子里。 敌机不断地在上空吼叫。炮弹不断地在周围爆炸。师 卫生部长匆匆赶来，对白求恩说：师长决定让您和一部分 伤员离开这里。白求恩沉思了一会儿，说：我同意撤 部分伤员。至于我个人，要和战士们在一起，不能离开。 部长恳 求说： 白求恩同志，这儿危险 ，让您离开这里，是 战斗形势 的需要哇！白求恩说：谢谢师长的关心。可是， 手术台是医生的阵地。战士们没有离开他们的阵地，我怎",data/textbooks/语文三上.pdf,阅读
语文三上.pdf_page_111_chunk_1,111,0,,第8单元,26,手术台就是阵地,,,222,"{'score': 0.9603603603603604, 'is_suitable': True, 'reason': '长度适中, 中文为主'}",么能离开自己的阵地呢？部长同志，请您转告师长，我是 一名八路军战士，不是你们的客人。白求恩低下头，继续 给伤员做手术。 一连几发炮弹落在小庙 的周围。庙的一角落下了许 多瓦 片。挂在门口的布帘 着了，火苗向手术台扑过 来。助手们赶忙把火扑灭。 担架队抬起做过手术的伤 员，迅 向后方转移。白求 恩仍然争分夺 地给伤员做 手术，做了一个又一个。 齐会战斗进行了三天三 夜，胜利结束了。白求恩大 夫在手术台旁，连续工作了 六十九个小时。,data/textbooks/语文三上.pdf,课文
语文三上.pdf_page_112_chunk_1,112,0,,第8单元,26,手术台就是阵地,,,321,"{'score': 1.0, 'is_suitable': True, 'reason': '长度适中, 中文为主, 教育相关'}",术斗焰刚烈离 匆险 默读课文，找出描写战斗激烈的内容，说说你对手术台就是 阵地这句话的理解。 读下面的句子，说说你是用什么方法理解加点词语的。 白求恩仍然 3 镇定地站在手术台旁。 部长恳 3 求 3 说： 白求恩同志，这儿危险，让您离开这里，是战 斗形势 的需要哇！ 白求恩仍然争分夺秒 3 地给伤员做手术，做了一个又一个。 读一读，再找出类似的语句，和同学交流白求恩给你留下了怎 样的印象。 他已经两天两夜没休息了，眼球上布满了血丝。 他接过助手递过来的镊 子，敏 地从伤员的腹腔里取出一块 弹片，丢在盘子里。 白求恩说：谢谢师长的关心。可是，手术台是医生的阵地。 战士们没有离开他们的阵地，我怎么能离开自己的阵地呢？,data/textbooks/语文三上.pdf,交流
语文三上.pdf_page_113_chunk_1,113,0,,第8单元,27,一个粗瓷 大碗 ,,,452,"{'score': 1.0, 'is_suitable': True, 'reason': '长度适中, 中文为主, 教育相关'}","一个粗瓷 大碗 本文选自人民教育出版社《全日制十年制学校小学课本（试用本）语文第五册》，有改动。
中国人民革 命军事博物馆里，陈 列着一个粗瓷大碗， 是赵一曼 在东北抗日联 中担任团政 治委 员时用过的。这 个碗，赵一曼仅仅用过一次，但是抗联的老战士都能认出 来。因为这个碗有着一段令人感动的故事。 有一回，一场袭 击日寇 的战斗刚刚结束，小通讯 员给 赵一曼送来一个鼓鼓的挂包。打开一看，是个粗瓷大碗。 赵一曼吃饭用的搪 瓷缸 子早就送给一个新战士了，通讯员 一直想给她另找一个碗，好不容易在这次战斗中找到了， 就连忙给她送来。 赵一曼看着这个碗，对通讯员说： 哪里拿来的，请你 到哪里去！ 这这敌人都被消灭了，往哪里还啊！通讯 员为难地说。",data/textbooks/语文三上.pdf,阅读
语文三上.pdf_page_114_chunk_1,114,0,,第8单元,27,一个粗瓷 大碗 ,,,392,"{'score': 0.9658163265306123, 'is_suitable': True, 'reason': '长度适中, 中文为主'}",开饭了。通讯员用这个大碗给赵一曼盛了满满一碗高 米饭，他想： 这回我们政委该吃顿 饱饭了。 赵一曼一看，就知道是从病号灶 盛来的。那些日子非 常艰苦，抗联部队几个月来都是靠野菜、草根、橡子面充 。有时候乡亲们冒着危险给部队送来一点儿粮食，但得 留给伤病员吃。团长、政委和战士们一样，嘴边有几个月 没沾过粮食了。赵一曼看到这碗高粱米饭，不禁想起战士 们的艰苦生活，想起同志之间的友爱，想起通讯员对她的 关心 赵一曼端着碗轻轻走进炊 事棚，趁人不注意的时候， 把碗里的饭倒进锅里，又从另一口锅里盛了半碗野菜粥。 炊事员老李在旁边看得清楚，他没吭 声，眼里却含着 泪花。 第二天开饭的时候，赵一曼又没有碗了。小通讯员急 得直叫： 我说政委同志啊，给你一百个碗也架不住你这么 丢啊！ 赵一曼笑着说： 是啊，什么时候才能不丢碗呢？ 据后来侦 察，这个粗瓷大碗已经成了七班的菜盆了。,data/textbooks/语文三上.pdf,课文
语文三上.pdf_page_115_chunk_1,115,0,,第8单元,,口语交际,,,306,"{'score': 0.966013071895425, 'is_suitable': True, 'reason': '长度适中, 中文为主'}",请 教 有时候，我们会遇到一些不好解决的问题，不知道该怎么办。 如果你在生活中遇到类似的问题，自己不知道怎么解决，向别 人请教是个好办法。 和同学交流，向别人请教应该注意什么。如： 在别人方便的时候请教。 请教别人时，把需要解决的问题说清楚。 不管别人是否能帮你解决问题，都要向别人表示感谢。 把你遇到的问题提出来，向同学请教，听听他们有什么好的 建议。 有礼貌地向别人请教。 不清楚的地方及时追问。 邻居小辉借东西不及时归还。前些 天他把我的足球借走了，到现在都没有 还。提醒他吧，怕显得我小气；不提醒 的话，又担心他一直不还 我经常丢三落四，上课 了才发现忘带作业本，出去 春游又忘记带水,data/textbooks/语文三上.pdf,交流
语文三上.pdf_page_116_chunk_1,116,0,,第8单元,,习 作,,,210,"{'score': 0.9704761904761905, 'is_suitable': True, 'reason': '长度适中, 中文为主'}",那次玩得真高兴 你平时喜欢玩什么？哪次玩得特别开心、印象特别深刻？ 回忆一下，你当时是怎么玩的？把你 玩的过程像放电影一样在脑海里回想一遍， 然后写下来。写的时候注意正确使用标点 符号。 写好以后大声读一读，看看你写的内容有没有表达出当时快乐 的心情。 和同学交流习作，跟他们分享你的快乐。如果有让同学看不明 白的地方，可以试着修改一下，让别人更明白。 可以看照片帮助回 忆，也可以跟当时和你 一起玩的人聊一聊。,data/textbooks/语文三上.pdf,习作
语文三上.pdf_page_117_chunk_1,117,0,,第8单元,,语文园地,,,194,"{'score': 1.0, 'is_suitable': True, 'reason': '长度适中, 中文为主, 教育相关'}",交流平台 默读的时候不要发出声音，也尽量不要用手 指着读，否则会影响阅读速度。 我默读时，会随时把不认识的字、不理解的 词语画出来，读完后再想办法弄清楚它们的意思。 默读时，带着问题边读边思考，能帮助我理 解内容。没读懂的地方我会标记出来，联系上下 文进一步思考，或者向别人请教。 识字加油站 眨眼 眼眶 怒目圆睁 目瞪口呆 耳闻目睹 你认识这些和目有关的字吗？,data/textbooks/语文三上.pdf,交流
语文三上.pdf_page_118_chunk_1,118,0,,第8单元,,日积月累,,,307,"{'score': 0.9900651465798047, 'is_suitable': True, 'reason': '长度适中, 中文为主, 教育相关'}","读读想想，下面几个句子中加点的词语可以互相调换吗？选择 一个词语写一句话。 我军的伤员陆续 3 从火线上抬下来。 白求恩低下头，继续 3 给伤员做手术。 白求恩大夫在手术台旁，连续 3 工作了六十九个小时。 快过节了，妈妈准备去超市买下面的东西，请你帮她整理一份 购物清单。 鲫鱼 速冻饺子 头 橙子 毛毯 牙刷 菜板 饼干 充电器 垃圾桶 棉拖鞋 沐 浴液 衣架 词句段运用
日积月累 不迁怒，不贰过。 《论语》 爱人若 爱其身。 《墨子》 仁 者爱人，有礼者敬人。 《孟子》 与人善言，暖于布帛 ；伤人以言，深于矛 《荀子》 分类列出要买 的东西，购物时既 方便又不会遗漏。",data/textbooks/语文三上.pdf,日积月累
语文三上.pdf_page_119_chunk_1,119,0,,第8单元,,识 字,,,134,"{'score': 0.8858208955223882, 'is_suitable': True, 'reason': '长度适中, 教育相关'}",识 字 表 识字表中蓝色的字是多音字，不计入生字总数。 10 咱 11 酪,data/textbooks/语文三上.pdf,其他
语文三上.pdf_page_120_chunk_1,120,0,,第8单元,,语文园地  ,,,177,"{'score': 0.8259887005649718, 'is_suitable': True, 'reason': '长度适中'}",语文园地 12 暴 13 萝 14 吗 语文园地 15 父 16 蒲 17 亦 18 饶 19 滨 20 兴 语文园地 21 妙 22 仅,data/textbooks/语文三上.pdf,其他
语文三上.pdf_page_121_chunk_1,121,0,,,,,,,85,"{'score': 0.8805882352941178, 'is_suitable': True, 'reason': '长度适中, 教育相关'}",23 黎 24 司 25 宁 26 斗 27 陈 语文园地 （共250个生字）,data/textbooks/语文三上.pdf,其他
语文三上.pdf_page_122_chunk_1,122,0,,,,写 字 表 ,,,236,"{'score': 0.9559322033898305, 'is_suitable': True, 'reason': '长度适中, 中文为主'}",写 字 表 1 晨绒球汉艳服装扮静停孔雀粗 2 荒笛舞狂功罚假互所够猜扬臂 4 寒径斜霜赠盖菊残君橙送挑落 5 铺泥晶院墙印排列规则乱棕迟 6 盒颜料票争仙闻勾紧洞油曲丰 8 柴旧裙怜饿简蜡烛伸板富颗奶 10 旅咱偷救命拼扫胃管乎咬流泪 12 准备等暴睡壁砍蜘蛛漂撞饱晒 15 搭亲父啦响羽翠嘴悄吞哦捕 16 蒲英盛耍喊欠钓而察拢掌趣喜 17 断楚至孤帆饮初镜未磨遥银盘 18 优淡浅错岩挺刺鼓数厚宝贵业 19 滨灰飘渔遍躺载靠亚夏除踩洁 20 脑袋严实挡视线坛显材软刮库,data/textbooks/语文三上.pdf,其他
语文三上.pdf_page_123_chunk_1,123,0,,,,写 字 表 ,,,101,"{'score': 0.9425742574257426, 'is_suitable': True, 'reason': '长度适中, 中文为主'}",21 妙演奏琴感受激击器滴敲鸣诉 22 读虾麻勇蚂蚁短栽梨寸柔摇册 23 朝雾蒙鼻抖露湿吸猎翅膀重 24 司庭登跌众弃持 25 郊养粉谷粒男或者冻冷惜肯诚 26 术斗焰刚烈离血仍取匆险 （共250个字）,data/textbooks/语文三上.pdf,其他
语文三上.pdf_page_124_chunk_1,124,0,,,,词 语 表 ,,,293,"{'score': 0.9290102389078498, 'is_suitable': True, 'reason': '长度适中'}",词 语 表 1 早晨 穿戴 鲜艳 服装 打扮 敬爱 国旗 敬礼 安静 树枝 好奇 孔雀 招引 粗壮 枝干 影子 2 阵雨 荒野 跳舞 狂欢 功课 放假 互相 狂风 急急忙忙 自然 能够 双臂 5 水泥 放晴 明朗 亮晶晶 金黄 雨珠 院墙 落叶 闪闪发光 尽头 平展 排列 规则 歌唱 迟到 6 清凉 留意 颜料 枫叶 邮票 果树 菊花 仙子 气味 香甜 香味 加紧 过冬 丰收 8 火柴 围裙 可怜 哪怕 暖和 简直 蜡烛 亮光 地板 烛光 温和 赶紧 痛苦 清晨 10 旅行 要好 咱们 草堆 作声 偷偷 答应 做梦 来得及 救命 拼命 大吃一惊 消化 当然 几乎 知觉 光亮 眼泪,data/textbooks/语文三上.pdf,课文
语文三上.pdf_page_125_chunk_1,125,0,,,,,,,328,"{'score': 0.9286585365853659, 'is_suitable': True, 'reason': '长度适中'}",12 变成 门板 准备 暴风雨 安心 睡觉 主人 墙壁 母鸡 注意 蜘蛛 漂亮 因此 15 母亲 外祖父 雨点 船夫 用力 船头 羽毛 翠绿 静悄悄 翠鸟 捕鱼 16 窗前 蒲公英 盛开 玩耍 一本正经 绒毛 假装 哈欠 钓鱼 观察 合拢 手掌 有趣 喜爱 18 位于 部分 风景 优美 物产 丰富 相互 交错 各种各样 成群结队 游动 堆积 宝贵 肥料 祖国 事业 19 海滨 街道 来来往往 渔民 遍地 远处 汽笛 船队 满载 银光闪闪 靠岸 初夏 散发 除了 整洁 20 东北 脑袋 严严实实 挡住 视线 花坛 显得 苍翠 飞舞 名贵 药材 雪花 巨大 宝库 21 美妙 音乐家 演奏 感受 激动 合奏 乐曲 充满 乐器 雨滴 滴答 所有 河流 轻快,data/textbooks/语文三上.pdf,其他
语文三上.pdf_page_126_chunk_1,126,0,,,,,,,196,"{'score': 0.926530612244898, 'is_suitable': True, 'reason': '长度适中'}",告诉 22 高远 万物 麻雀 蚂蚁 搬家 勇敢 精神 趣味 鲜美 如同 温柔 摇摆 倒影 无穷 无尽 乐趣 23 父亲 童年 雾蒙蒙 轻声 生怕 惊动 气息 总是 抖动 露水 呼吸 时刻 猎人 翅膀 沉重 25 郊外 养病 跳动 欢快 谷粒 男孩 或者 严寒 本来 可惜 肯定 诚实 26 手术台 阵地 战斗 打响 气焰 刚刚 不断 激烈 眼球 血丝 烟雾 仍然 取出 匆匆 离开 危险 转告,data/textbooks/语文三上.pdf,其他
语文三上.pdf_page_128_chunk_1,128,0,,,,,,,476,"{'score': 0.9630252100840336, 'is_suitable': True, 'reason': '长度适中, 中文为主'}",《义务教育教科书 语文》（一〜六年级）由教育部组织编写，北京大学中 文系温儒敏教授担任总主编。 王宁、张联荣、柳士镇、张健、翟京华、郑桂华、陈秀玲、武琼、陈萍等 专家对教科书的修改完善给予了悉心指导；金波、伍新春、李明新、张一清、 陆云、聂鸿飞等多次审阅教科书内容，提出了修改建议；在教育部的组织下， 广大一线优秀教师通读教科书，保证了教学的适切性；在试教试用过程中， 浙江省、山东省、湖南省等地教研部门及部分学校给予了大力支持，为教科书 质量的进一步提升提供了保障。 人民教育出版社承担了教科书的编辑出版工作，在组织编写、试教试用等 方面给予了全方位的协助。人民教育出版社小学语文室全体同仁始终是教科书 编写的中坚力量。周申、葛南、陈露茜、马琰芳为本书绘制插图，景绍宗为本 书封面绘制插图。对教科书的编写、出版提供过帮助的同仁和社会各界朋友还 有很多，在此一并表示诚挚的谢意。 教科书投入使用后，我们根据各方意见作了修订，真诚希望广大师生和家 长继续提出宝贵意见！ 联系方式 电 话：01058758622 电子邮箱： 后 记 编 者 2023年7月,data/textbooks/语文三上.pdf,课文
语文三上.pdf_page_130_chunk_1,130,0,,,,,,,27,"{'score': 0.6407407407407407, 'is_suitable': True, 'reason': '中文为主'}",三年级 上册 语文 绿色印刷产品 绿色印刷产品,data/textbooks/语文三上.pdf,其他
